timestamp,experiment_id,experiment_type,temperature_c,oxygen_percent,humidity_percent,radiation_level,nutrient_level,ph_level,pressure_kpa,cell_growth_rate,viability_score,contamination_score,mission_outcome
01-02-2026 00:00,BIO-2000,Protein Synthesis,34.29,24.99,62.83,0.223,66.32,7.71,88.87,1.94,76.4,11.37,Success
01-02-2026 00:30,BIO-2001,Stem Cell Research,40.73,18.44,55.56,0.491,108.09,7.85,106.02,4.1,80.51,22.84,Failure
01-02-2026 01:00,BIO-2002,Protein Synthesis,33.97,26.94,67.41,0.778,79.47,7.42,101.59,4.23,93.31,14.26,Success
01-02-2026 01:30,BIO-2003,Drug Discovery,38.4,21.99,59.89,0.352,69.66,6.92,100.37,3.87,73.88,16.77,Success
01-02-2026 02:00,BIO-2004,Radiation Biology,35.2,14.19,67.68,4.102,106.13,7.33,110,4.89,68.27,34.97,Failure
01-02-2026 02:30,BIO-2005,Stem Cell Research,37.27,15.08,59.91,0.651,76.12,6.81,105.72,2.27,66.4,9.34,Failure
01-02-2026 03:00,BIO-2006,Drug Discovery,38.74,20.27,55.78,0.853,74,7.26,108.92,1.97,70.7,21.86,Success
01-02-2026 03:30,BIO-2007,Radiation Biology,39.49,17.86,69.1,0.52,75.77,7.18,103.26,2.4,63.41,16.5,Failure
01-02-2026 04:00,BIO-2008,Tissue Engineering,36.16,25.12,49.15,4.23,80.69,7.21,104.21,1.5,52.51,53.21,Failure
01-02-2026 04:30,BIO-2009,Stem Cell Research,32.63,19.36,65.47,0.16,77.24,7.76,107.41,1.39,65.87,17.52,Failure
01-02-2026 05:00,BIO-2010,Radiation Biology,33.57,19.67,79.59,0.094,70.86,7.16,101.6,3,87.55,16.56,Success
01-02-2026 05:30,BIO-2011,Radiation Biology,33.15,18.9,72.05,0.484,83.74,7.54,100.74,1.7,51.79,19.74,Failure
01-02-2026 06:00,BIO-2012,Protein Synthesis,37.93,27.04,61.59,4.048,66.91,7.56,101.47,2.62,39.25,45.39,Failure
01-02-2026 06:30,BIO-2013,Protein Synthesis,33.47,13.49,49.8,0.642,83.31,7.17,107.89,2.68,72.05,15.84,Success
01-02-2026 07:00,BIO-2014,Stem Cell Research,38.66,17.41,75.24,0.326,76.19,7.23,95.76,2.73,70.9,16.03,Success
01-02-2026 07:30,BIO-2015,Tissue Engineering,37.19,27.63,57.69,0.724,81.15,7.3,95.96,2.63,66.11,8.07,Failure
01-02-2026 08:00,BIO-2016,Tissue Engineering,38.05,26.01,72.42,0.795,60.3,7.32,94.5,2.13,70.98,25.05,Failure
01-02-2026 08:30,BIO-2017,Protein Synthesis,32.03,21.09,57.91,0.519,74.22,7.27,101.16,2.58,75.29,19.21,Success
01-02-2026 09:00,BIO-2018,Drug Discovery,37.22,15.65,40.32,0.545,78.1,7.09,103.98,1.85,71.5,8.42,Success
01-02-2026 09:30,BIO-2019,Protein Synthesis,37.86,21.57,70.75,0.096,78.22,7.04,110.47,3.89,89.96,10.09,Success
01-02-2026 10:00,BIO-2020,Tissue Engineering,33.91,21.5,44,0.788,71.3,7.32,102.61,1.99,74.67,15.19,Success
01-02-2026 10:30,BIO-2021,Stem Cell Research,35.51,21.76,61.97,0.549,79.66,6.86,101.63,2.27,59.1,10.55,Failure
01-02-2026 11:00,BIO-2022,Drug Discovery,39.13,26.71,57.93,0.569,73.78,7.3,99.42,3.21,67.73,19.8,Failure
01-02-2026 11:30,BIO-2023,Radiation Biology,36.7,18.67,69.9,0.512,84.54,7.37,107.09,3.59,70.86,8.7,Success
01-02-2026 12:00,BIO-2024,Radiation Biology,33.33,14.38,59.18,0.361,54.89,7.55,100.73,2.47,68.35,9.99,Failure
01-02-2026 12:30,BIO-2025,Tissue Engineering,38.4,24.44,59.12,0.731,67.77,7.22,97.04,2.06,69.85,12.12,Failure
01-02-2026 13:00,BIO-2026,Stem Cell Research,38.45,16.95,52.97,0.375,81.01,7.71,103.61,1.39,68.23,13.41,Failure
01-02-2026 13:30,BIO-2027,Radiation Biology,29.62,22.25,56.84,0.284,80.61,7.43,99.85,2.08,84.26,28.17,Failure
01-02-2026 14:00,BIO-2028,Drug Discovery,36.64,15.26,65.77,0.854,82.05,7.26,92.19,3.03,65.73,13.21,Failure
01-02-2026 14:30,BIO-2029,Protein Synthesis,35.98,19.1,32.54,0.096,75.63,7.11,99.53,3.88,90.83,8.94,Success
01-02-2026 15:00,BIO-2030,Radiation Biology,38.5,23.28,64.93,3.648,86.93,7.29,94.86,2.36,36.9,44.71,Failure
01-02-2026 15:30,BIO-2031,Radiation Biology,41.35,16.92,44.94,0.454,71.99,7.21,97.62,1.06,67.32,12.73,Failure
01-02-2026 16:00,BIO-2032,Stem Cell Research,37.87,20.37,51.35,0.648,77.16,7.08,98.16,3.19,71.92,15.82,Success
01-02-2026 16:30,BIO-2033,Stem Cell Research,38.05,21.83,37.48,3.484,91.97,7.33,94.94,4.02,42.14,27.32,Failure
01-02-2026 17:00,BIO-2034,Drug Discovery,40.06,27.56,38.86,0.818,52.06,7.57,101.37,2.25,68.87,9.79,Failure
01-02-2026 17:30,BIO-2035,Radiation Biology,36.27,21.98,58.32,0.661,98.01,7.17,98.55,2.67,71.67,17.71,Success
01-02-2026 18:00,BIO-2036,Tissue Engineering,37.97,22.15,57.4,3.759,81.75,7.44,106.53,3.57,43.37,27.82,Failure
01-02-2026 18:30,BIO-2037,Stem Cell Research,34.82,19.25,69.34,0.42,67.12,7.31,101.2,2.48,75.02,14.3,Success
01-02-2026 19:00,BIO-2038,Stem Cell Research,39.26,25.8,61.61,0.19,101.78,7.38,106.85,3.32,76.94,14.22,Success
01-02-2026 19:30,BIO-2039,Drug Discovery,37.71,15.84,68.2,0.488,50.82,7.09,99.64,2.47,78.3,12.13,Success
01-02-2026 20:00,BIO-2040,Tissue Engineering,39.65,21.3,54.65,0.606,80.31,7.19,86.5,2.46,64.46,11.91,Failure
01-02-2026 20:30,BIO-2041,Radiation Biology,37.61,25.03,52.95,2.48,,7.06,104.15,2.5,37.95,24.54,Failure
01-02-2026 21:00,BIO-2042,Protein Synthesis,36.46,14.58,39.96,3.518,76.07,7.04,110.81,2.41,25.82,36.28,Failure
01-02-2026 21:30,BIO-2043,Radiation Biology,34.33,20.75,72.41,0.424,86.52,7.79,95.04,3.35,76.53,14.75,Success
01-02-2026 22:00,BIO-2044,Tissue Engineering,37.65,27.5,76.14,0.32,54.72,7.59,100.32,1,59.75,9.08,Failure
01-02-2026 22:30,BIO-2045,Protein Synthesis,35.58,14.44,40.25,0.807,59.56,7.2,97.89,1.09,72.4,11.46,Failure
01-02-2026 23:00,BIO-2046,Drug Discovery,31.69,18.1,54.1,4.473,68.27,7.4,104,1.1,36.79,37.19,Failure
01-02-2026 23:30,BIO-2047,Drug Discovery,34.49,29.42,58.77,0.886,70.69,7.2,104.32,2.88,59.82,21.46,Failure
02-02-2026 00:00,BIO-2048,Protein Synthesis,34.76,23.42,49.45,0.279,69.24,7.4,107.34,2.07,57.26,17.31,Failure
02-02-2026 00:30,BIO-2049,Protein Synthesis,39.9,,70.9,0.582,91.02,7.39,100.47,3.37,67.49,18.5,Failure
02-02-2026 01:00,BIO-2050,Drug Discovery,38.07,24.03,78.17,0.029,52.24,7.39,107.15,2.1,70.28,15.17,Success
02-02-2026 01:30,BIO-2051,Radiation Biology,39.69,18.66,42.92,0.526,99.29,7.36,99.89,3.97,67.58,18.32,Failure
02-02-2026 02:00,BIO-2052,Drug Discovery,37.07,30.59,74.51,0.738,89.15,7.32,96.94,4.08,70.36,12.61,Success
02-02-2026 02:30,BIO-2053,Radiation Biology,35.45,23.78,70.99,0.69,78.58,7.56,106.68,3.93,78.83,7.76,Success
02-02-2026 03:00,BIO-2054,Stem Cell Research,38.46,16.41,65.34,2.128,67.9,7.56,97.99,2.15,26.74,37.02,Failure
02-02-2026 03:30,BIO-2055,Stem Cell Research,39.26,27.71,52.66,0.091,76.83,7.43,106.96,2.87,78.98,19.44,Success
02-02-2026 04:00,BIO-2056,Protein Synthesis,37.24,24.2,75.25,0.37,65.64,7.75,100.87,1.94,62.93,9.98,Failure
02-02-2026 04:30,BIO-2057,Drug Discovery,31.94,16.17,47.3,0.942,99.47,7.21,93.68,2.54,66.63,20.63,Failure
02-02-2026 05:00,BIO-2058,Tissue Engineering,41.14,20.81,85,0.414,79.76,7.31,95.2,3.22,64.24,17.72,Failure
02-02-2026 05:30,BIO-2059,Tissue Engineering,36.27,24.85,71.46,0.63,77.5,7.57,107.28,3.26,72.89,8.28,Success
02-02-2026 06:00,BIO-2060,Protein Synthesis,37.29,19.77,52.61,3.086,80.42,7.57,102,2.38,34.47,37.35,Failure
02-02-2026 06:30,BIO-2061,Tissue Engineering,39.81,13.2,44.18,1.003,71.45,7.55,109.1,3.46,76.33,17.46,Success
02-02-2026 07:00,BIO-2062,Stem Cell Research,36.48,22.2,51.8,0.444,79.52,7.34,105.37,3.37,82.52,6.65,Success
02-02-2026 07:30,BIO-2063,Stem Cell Research,37.98,23.99,62.73,2.504,71.54,8.19,99.02,2.59,32.6,40.78,Failure
02-02-2026 08:00,BIO-2064,Tissue Engineering,39.77,17.26,57.21,0.718,84.43,7.35,103.39,3.81,75.06,24.85,Failure
02-02-2026 08:30,BIO-2065,Stem Cell Research,38.44,27.43,53.28,0.546,77.57,7.3,94.41,2.26,63.94,8.37,Failure
02-02-2026 09:00,BIO-2066,Radiation Biology,36.02,24.69,60.63,3.59,63.15,7.08,103.45,3.14,33.91,41.91,Failure
02-02-2026 09:30,BIO-2067,Radiation Biology,37.04,19.54,54.73,0.24,67.26,7.54,98.76,2.63,79.93,4.12,Success
02-02-2026 10:00,BIO-2068,Stem Cell Research,38.05,14.12,69.35,0.466,78.45,7.42,98.23,4.16,93.93,18,Success
02-02-2026 10:30,BIO-2069,Tissue Engineering,35.63,21,58.79,3.922,61.19,7.34,94.4,3.28,53.9,37.06,Failure
02-02-2026 11:00,BIO-2070,Stem Cell Research,41.01,16.17,63.3,0.852,58.36,6.76,99.27,2.4,64.21,17.75,Failure
02-02-2026 11:30,BIO-2071,Tissue Engineering,35.72,17.18,78.37,0.806,66.38,7.19,110.95,2.63,77.11,13.6,Success
02-02-2026 12:00,BIO-2072,Tissue Engineering,39.61,25.58,90.39,0.478,80.93,7.44,96.86,2.17,55.47,20.11,Failure
02-02-2026 12:30,BIO-2073,Tissue Engineering,35.95,16.33,68.57,0.596,96.73,7.52,99.85,3.28,74.52,16.2,Success
02-02-2026 13:00,BIO-2074,Protein Synthesis,36.25,26.72,47.85,3.388,92.18,7.25,102.59,5.62,56.45,46.47,Failure
02-02-2026 13:30,BIO-2075,Radiation Biology,35.27,21.54,87.67,0.587,68.49,6.88,101.25,1.54,61.58,19.87,Failure
02-02-2026 14:00,BIO-2076,Radiation Biology,39.97,28.07,55.85,0.721,89.81,7.26,104.4,4.32,74.18,21.17,Success
02-02-2026 14:30,BIO-2077,Protein Synthesis,36.77,16.54,63.9,0.732,57.2,7.35,108.57,1.53,63.83,13.87,Failure
02-02-2026 15:00,BIO-2078,Radiation Biology,33.72,24.41,55.97,0.985,76.78,7.64,110.72,2.23,64.89,15.13,Failure
02-02-2026 15:30,BIO-2079,Radiation Biology,39.53,23.28,,-0.01,70.01,7.38,97.67,3.65,71.61,14.46,Success
02-02-2026 16:00,BIO-2080,Protein Synthesis,37.85,22.89,59.01,0.893,60.24,7.59,99.01,2.14,76.6,15.34,Success
02-02-2026 16:30,BIO-2081,Stem Cell Research,36.62,20.55,70.61,0.482,91.3,7.05,96.95,4.69,85.07,12.13,Success
02-02-2026 17:00,BIO-2082,Tissue Engineering,39.88,15.89,63.45,3.9,61.67,7.01,105.14,2.71,29.91,35.63,Failure
02-02-2026 17:30,BIO-2083,Drug Discovery,34.13,27.51,61.01,0.781,56.12,7.47,111,2.01,63.06,17.62,Failure
02-02-2026 18:00,BIO-2084,Protein Synthesis,38.6,19.12,52.01,0.892,54.46,7.32,102.26,3.3,73.47,13.07,Success
02-02-2026 18:30,BIO-2085,Stem Cell Research,42.38,20.1,58.09,0.523,70.64,7.48,97.71,1.76,64.76,22.57,Failure
02-02-2026 19:00,BIO-2086,Stem Cell Research,37.2,20.8,74.83,0.78,70.91,7.31,105.35,3.16,71.94,9.11,Success
02-02-2026 19:30,BIO-2087,Radiation Biology,33.7,13.27,55.8,0.759,91.05,7.07,103.35,2.22,63.27,20.14,Failure
02-02-2026 20:00,BIO-2088,Drug Discovery,34.94,14.88,59.72,0.285,66.91,7.69,107.58,3.51,79.74,12.04,Success
02-02-2026 20:30,BIO-2089,Drug Discovery,36.38,23.08,57.54,0.37,83.49,7.6,102.67,3.74,82.44,15.59,Success
02-02-2026 21:00,BIO-2090,Tissue Engineering,37.14,19.71,62.48,0.826,78.52,7.17,96.3,3.37,64.52,10.96,Failure
02-02-2026 21:30,BIO-2091,Protein Synthesis,38.65,23.85,51.13,0.409,63.64,7.13,93.92,2.53,67.94,12.31,Failure
02-02-2026 22:00,BIO-2092,Protein Synthesis,35.68,19.43,54.3,0.506,101.85,7.62,101.22,3.74,81.7,9.85,Success
02-02-2026 22:30,BIO-2093,Tissue Engineering,32.19,24.37,73.32,0.502,78.16,7.28,103.17,3.16,78.71,22.61,Failure
02-02-2026 23:00,BIO-2094,Drug Discovery,34.68,20.26,67.47,0.811,70.37,7.07,108.25,1.93,73.91,22.11,Failure
02-02-2026 23:30,BIO-2095,Tissue Engineering,40.77,21,49.22,0.643,82.99,7.48,101.19,3.65,71.9,16.06,Success
03-02-2026 00:00,BIO-2096,Protein Synthesis,38.87,20.45,64.75,0.886,92.49,7.13,113.48,3.85,72.76,17.56,Success
03-02-2026 00:30,BIO-2097,Protein Synthesis,37.56,15.39,55.03,0.459,72.57,6.91,101.05,3.14,75.41,3.92,Success
03-02-2026 01:00,BIO-2098,Protein Synthesis,37.51,21.45,64.52,0.447,97.88,7.34,104,3.43,80.43,4,Success
03-02-2026 01:30,BIO-2099,Radiation Biology,36.44,20.08,72.56,2.418,84.33,6.88,105.17,4.72,47.98,39.21,Failure
03-02-2026 02:00,BIO-2100,Radiation Biology,36.24,17.12,71.89,0.948,70.25,7.23,100.11,2.98,66.21,17.26,Failure
03-02-2026 02:30,BIO-2101,Drug Discovery,40.49,22.06,56.97,0.633,84.55,7.4,95.82,3.18,83.14,16.05,Success
03-02-2026 03:00,BIO-2102,Protein Synthesis,37.09,21.15,51.71,0.99,76.88,7.18,98.62,3.46,69.35,10.47,Failure
03-02-2026 03:30,BIO-2103,Drug Discovery,41.1,20.7,58.09,0.438,65.95,7.4,95.9,1.94,75.6,18.2,Success
03-02-2026 04:00,BIO-2104,Stem Cell Research,35.89,22.4,58.42,0.447,56.26,7.39,106.33,1.3,69.71,5.6,Failure
03-02-2026 04:30,BIO-2105,Drug Discovery,34.25,17.1,57.53,0.847,110.98,7.35,108.37,5.16,78.9,21.65,Success
03-02-2026 05:00,BIO-2106,Radiation Biology,36.68,18.16,58.93,0.858,48,7.4,99.35,0.57,57.8,16.37,Failure
03-02-2026 05:30,BIO-2107,Stem Cell Research,38.6,21.15,50.72,2.857,93.07,7.5,102.67,3.76,39.53,35.25,Failure
03-02-2026 06:00,BIO-2108,Stem Cell Research,32.37,14.99,54.75,3.848,87.92,7.07,103.4,2.18,41.4,58.17,Failure
03-02-2026 06:30,BIO-2109,Protein Synthesis,37.39,19.43,62.51,0.33,61.07,7.12,98.18,3.57,85.46,11.09,Success
03-02-2026 07:00,BIO-2110,Stem Cell Research,41.25,22.36,69.24,3.348,51.07,7.21,105.9,0.93,48.97,52.8,Failure
03-02-2026 07:30,BIO-2111,Drug Discovery,37.17,23.64,50.55,0.205,69.27,7.43,101.54,3.53,81.75,9.24,Success
03-02-2026 08:00,BIO-2112,Protein Synthesis,40.54,14.19,,2.582,67.71,7.2,97.65,0.89,38.6,30.44,Failure
03-02-2026 08:30,BIO-2113,Radiation Biology,38.33,20.21,58.21,0.496,84.76,7.33,108.87,4.16,84.8,5.06,Success
03-02-2026 09:00,BIO-2114,Tissue Engineering,36.82,21.41,63,0.407,57,7.59,99.8,1.11,71.09,13.28,Failure
03-02-2026 09:30,BIO-2115,Tissue Engineering,36.25,23.9,56.72,0.417,70.42,7.48,106.44,1.39,68.47,20.28,Failure
03-02-2026 10:00,BIO-2116,Stem Cell Research,37.94,22.35,53.92,0.514,106.01,7.28,107.63,3.62,83.63,13.73,Success
03-02-2026 10:30,BIO-2117,Radiation Biology,33.78,21.41,77.38,0.758,85.39,7.35,95.83,4.37,75.4,14.82,Success
03-02-2026 11:00,BIO-2118,Protein Synthesis,36.47,12.1,62.42,0.888,71.37,7.48,98.62,3.01,70.69,16.87,Success
03-02-2026 11:30,BIO-2119,Drug Discovery,39.45,21.23,54.82,0.702,59.69,7.1,100.1,2.25,67.63,11.07,Failure
03-02-2026 12:00,BIO-2120,Radiation Biology,41.15,21.48,64.43,0.476,85.41,7.12,103.74,2.19,72.38,26.78,Failure
03-02-2026 12:30,BIO-2121,Drug Discovery,38.37,18.13,68.38,0.785,81.06,7.25,98.37,2.73,76.44,14.29,Success
03-02-2026 13:00,BIO-2122,Tissue Engineering,36.36,22.11,,0.885,70.12,7.22,88.14,2.98,69.72,8.57,Failure
03-02-2026 13:30,BIO-2123,Drug Discovery,38.63,21.35,69.87,0.669,86.42,7.41,104.23,3.11,75.4,15.86,Success
03-02-2026 14:00,BIO-2124,Protein Synthesis,40.35,24.31,49.7,0.414,82.12,7.64,99.33,3.35,69.93,5.38,Failure
03-02-2026 14:30,BIO-2125,Radiation Biology,37.35,24.3,57.79,0.86,58.6,7.44,102.92,2.3,79.61,10.61,Success
03-02-2026 15:00,BIO-2126,Drug Discovery,34.92,20.31,63.73,0.06,84.96,7.17,96.27,2.61,79.57,9.89,Success
03-02-2026 15:30,BIO-2127,Protein Synthesis,32.83,23.25,46.79,0.283,110.85,7.2,97.94,3.79,79.94,21.32,Success
03-02-2026 16:00,BIO-2128,Drug Discovery,37.2,19.7,43.07,0.534,78.48,7.68,103.46,2.87,71.67,11.28,Success
03-02-2026 16:30,BIO-2129,Stem Cell Research,38.27,,67.2,0.499,77.05,7.48,107.31,2.41,59.99,13.55,Failure
03-02-2026 17:00,BIO-2130,Stem Cell Research,39.54,27.25,66.76,0.647,99.74,7.11,109.13,3.51,83.54,19.56,Success
03-02-2026 17:30,BIO-2131,Radiation Biology,42.15,19.56,,0.965,74.71,7.07,104.25,1.46,74.86,29.85,Failure
03-02-2026 18:00,BIO-2132,Drug Discovery,32.89,18.44,52.49,0.674,81.81,7.6,110.58,2.92,65.61,17.09,Failure
03-02-2026 18:30,BIO-2133,Drug Discovery,36.22,27.76,58.83,0.35,76.15,7.35,106.76,2.82,82.44,14.43,Success
03-02-2026 19:00,BIO-2134,Stem Cell Research,38.36,22.94,67.42,0.863,84.26,7.1,105.75,2.28,66.44,13.81,Failure
03-02-2026 19:30,BIO-2135,Radiation Biology,36.87,23.6,55.35,3.238,53.99,7.3,106.96,2.39,39.51,29.3,Failure
03-02-2026 20:00,BIO-2136,Drug Discovery,36.29,19.95,72.28,3.719,61.71,7.52,93.09,2.15,63.9,35.3,Failure
03-02-2026 20:30,BIO-2137,Protein Synthesis,37.64,18.61,60.1,0.114,88.12,7.28,97.56,3.47,78.94,8.48,Success
03-02-2026 21:00,BIO-2138,Protein Synthesis,40.26,20.32,62.96,0.638,66.71,7.19,103.94,1.27,69.9,13.36,Failure
03-02-2026 21:30,BIO-2139,Radiation Biology,34.84,25.47,52.78,0.391,78.43,7.52,95.1,3.31,83.03,11.47,Success
03-02-2026 22:00,BIO-2140,Protein Synthesis,38.61,17.68,62.81,4.463,80.84,7.56,94.58,4.12,53.42,45.04,Failure
03-02-2026 22:30,BIO-2141,Tissue Engineering,36.47,14.29,75.72,0.404,54.68,7.58,106.73,1.46,66.39,14.63,Failure
03-02-2026 23:00,BIO-2142,Tissue Engineering,33.46,12.83,49.72,0.414,70.35,7.01,105.63,2.38,60.79,11.6,Failure
03-02-2026 23:30,BIO-2143,Radiation Biology,36.18,13.05,48.21,0.492,56.02,7.42,109.77,2.66,76.02,7.83,Success
04-02-2026 00:00,BIO-2144,Protein Synthesis,41.58,18.48,54.24,0.801,65.17,7.68,103.41,1.67,62.2,31.22,Failure
04-02-2026 00:30,BIO-2145,Drug Discovery,38.22,21.6,58.67,0.859,52.23,7.25,86.83,1.36,69.57,21.32,Failure
04-02-2026 01:00,BIO-2146,Stem Cell Research,38.97,19.42,,1.044,55.24,7.61,107.88,2.18,67.57,17.65,Failure
04-02-2026 01:30,BIO-2147,Stem Cell Research,38.23,26.18,64.06,2.656,80.55,7.99,88.69,1.72,33.48,51.51,Failure
04-02-2026 02:00,BIO-2148,Drug Discovery,36.92,19.25,60.42,0.925,88.49,7.2,101.77,5.54,96.38,14.12,Success
04-02-2026 02:30,BIO-2149,Protein Synthesis,34.91,19.88,61.42,1.029,74.71,7.13,108.52,2.56,50.6,15.83,Failure
04-02-2026 03:00,BIO-2150,Radiation Biology,36.96,24.83,57.98,0.486,72.01,7.55,94.97,1.97,56.78,19.78,Failure
04-02-2026 03:30,BIO-2151,Tissue Engineering,33.72,23.47,55.7,0.352,80.03,7.43,98.66,4.05,82.04,18.78,Success
04-02-2026 04:00,BIO-2152,Tissue Engineering,36.22,17.96,60.58,0.759,54.96,7.02,101.97,2.52,77.18,12.93,Success
04-02-2026 04:30,BIO-2153,Tissue Engineering,35.7,,48.7,0.754,64.17,7.25,99.36,2.23,63.35,14.01,Failure
04-02-2026 05:00,BIO-2154,Stem Cell Research,34.49,22.92,81.39,3.521,71.1,7.06,98.97,3.88,38.57,37.64,Failure
04-02-2026 05:30,BIO-2155,Protein Synthesis,35.01,18.19,54.71,0.989,49.95,7.24,98.66,1.54,62.94,13.98,Failure
04-02-2026 06:00,BIO-2156,Tissue Engineering,41.57,20.16,54.46,0.242,90.31,7.61,101.98,1.65,63.93,18.81,Failure
04-02-2026 06:30,BIO-2157,Stem Cell Research,36.99,16.48,55.03,3.334,72.81,7.19,99.79,2.89,56.14,35.52,Failure
04-02-2026 07:00,BIO-2158,Tissue Engineering,38.48,25.96,69.96,0.639,87.52,7.06,100.66,4.42,74.91,17.34,Success
04-02-2026 07:30,BIO-2159,Stem Cell Research,38.02,19.92,59.97,2.019,47.62,7.35,103.2,2.8,53.79,36.15,Failure
04-02-2026 08:00,BIO-2160,Tissue Engineering,37.47,23.95,80.05,0.828,82.09,7.43,99.86,4.24,84.69,13.72,Success
04-02-2026 08:30,BIO-2161,Stem Cell Research,36.9,18.61,50.23,4.09,81,7.08,96.94,2.77,42.96,24.87,Failure
04-02-2026 09:00,BIO-2162,Radiation Biology,37.02,21.41,69.31,0.59,63.38,7.55,103.88,1.94,66.51,16.05,Failure
04-02-2026 09:30,BIO-2163,Radiation Biology,33.68,23.2,62.72,0.829,73.03,7.37,101.91,2.83,66.81,20.14,Failure
04-02-2026 10:00,BIO-2164,Radiation Biology,37.78,26.05,66.63,0.652,88.53,6.86,104.61,3.11,71.43,4.44,Success
04-02-2026 10:30,BIO-2165,Drug Discovery,42.12,18.68,52.94,0.64,68.18,7.33,96.11,2.01,78.65,22.43,Failure
04-02-2026 11:00,BIO-2166,Drug Discovery,43,25.5,56.79,0.416,70.93,7.07,95.98,2.27,72.16,20.81,Success
04-02-2026 11:30,BIO-2167,Stem Cell Research,38.93,21.83,69.98,3.778,71.59,7.85,88.48,3.3,39.66,30.73,Failure
04-02-2026 12:00,BIO-2168,Radiation Biology,34.41,22.72,56.89,0.858,101.69,7.12,107.37,2.53,75.48,17.63,Success
04-02-2026 12:30,BIO-2169,Drug Discovery,33.14,19.11,74.69,0.936,85.04,7.26,105.24,2.75,71.93,22.96,Failure
04-02-2026 13:00,BIO-2170,Radiation Biology,41.02,22.35,79.78,2.832,56.1,7.14,97.28,0.59,41.93,43.07,Failure
04-02-2026 13:30,BIO-2171,Drug Discovery,37.7,24.24,47.4,3.583,65.56,7.57,103.47,3.64,34.12,44.45,Failure
04-02-2026 14:00,BIO-2172,Drug Discovery,38.03,16.04,62.68,0.777,96.3,7.27,108.49,3.27,75.2,8.84,Success
04-02-2026 14:30,BIO-2173,Protein Synthesis,35.37,23.67,57.85,2.223,67.96,7.31,95.6,2.53,33.91,42.16,Failure
04-02-2026 15:00,BIO-2174,Stem Cell Research,39.25,16.37,50.9,0.952,43.42,7.05,102.99,1.52,60.51,11.68,Failure
04-02-2026 15:30,BIO-2175,Tissue Engineering,37.35,19.28,60.05,2.729,76.14,7.75,106.19,3.11,38,37.61,Failure
04-02-2026 16:00,BIO-2176,Stem Cell Research,39.05,23.38,53.52,4.212,65.1,7.45,95.01,2.52,18.04,32.77,Failure
04-02-2026 16:30,BIO-2177,Stem Cell Research,36.91,,67.52,0.431,94.17,7.36,103.89,2.01,81.92,15.79,Success
04-02-2026 17:00,BIO-2178,Radiation Biology,32.9,21.47,49.98,0.811,121.14,7.25,108.36,4.76,90.53,17.4,Success
04-02-2026 17:30,BIO-2179,Stem Cell Research,41.2,14.7,62.59,1.03,62.64,7.38,95.96,2.18,66.65,11.6,Failure
04-02-2026 18:00,BIO-2180,Radiation Biology,31.94,18.51,59.86,0.517,93.89,6.99,102.74,4.65,84.19,21.16,Success
04-02-2026 18:30,BIO-2181,Tissue Engineering,32.46,21.46,71.63,0.765,74.73,7.4,92.76,1.76,76.72,26.88,Failure
04-02-2026 19:00,BIO-2182,Drug Discovery,35.38,20.48,62.53,0.871,76.19,7.18,100.02,3.41,80.99,15.01,Success
04-02-2026 19:30,BIO-2183,Drug Discovery,40.12,16.18,74.8,0.664,96.02,7.42,94.64,4.28,79.63,17.54,Success
04-02-2026 20:00,BIO-2184,Radiation Biology,37.23,18.99,69.06,0.133,74.86,7.21,103.18,2.49,85.16,12.45,Success
04-02-2026 20:30,BIO-2185,Tissue Engineering,38.18,22.86,67.97,0.391,91.41,7.26,110.94,4.85,82.04,8.84,Success
04-02-2026 21:00,BIO-2186,Protein Synthesis,37.68,17.04,82.77,0.656,77.39,7.36,108.26,4.38,85.11,12.21,Success
04-02-2026 21:30,BIO-2187,Radiation Biology,37.77,17.29,60.15,0.252,73.93,7.57,98.32,3.15,70.36,13.4,Success
04-02-2026 22:00,BIO-2188,Tissue Engineering,35.58,30.34,55.73,1.02,85.78,7.23,98.57,3.05,66.71,16.74,Failure
04-02-2026 22:30,BIO-2189,Drug Discovery,39.71,20.16,61.69,0.288,99.98,7.7,108.92,3.63,78.01,10.58,Success
04-02-2026 23:00,BIO-2190,Protein Synthesis,36.26,24.66,55.88,3.13,106.9,7.3,96.37,4.23,70.46,36.07,Failure
04-02-2026 23:30,BIO-2191,Stem Cell Research,37.85,26.05,57.8,0.228,61.93,7.16,91.34,2.09,77.53,4.58,Success
05-02-2026 00:00,BIO-2192,Stem Cell Research,34.95,20.41,,0.714,57.25,7.32,99.33,1.91,67.38,19.14,Failure
05-02-2026 00:30,BIO-2193,Radiation Biology,35.78,13.24,49.92,1.032,79.95,7.21,99.5,4.35,72.85,14.6,Success
05-02-2026 01:00,BIO-2194,Radiation Biology,36.27,21.44,59.44,0.232,68.55,7.29,101.9,2.56,81.73,5.66,Success
05-02-2026 01:30,BIO-2195,Protein Synthesis,32.89,18.07,51.47,0.488,83.86,7.32,107.78,2.21,73.83,11.37,Success
05-02-2026 02:00,BIO-2196,Stem Cell Research,37.01,24.93,60.83,2.713,38.7,6.99,103.71,1.57,37.19,29.8,Failure
05-02-2026 02:30,BIO-2197,Tissue Engineering,38.83,23.98,,0.732,60.4,7.66,107.23,2.22,66.65,11.33,Failure
05-02-2026 03:00,BIO-2198,Stem Cell Research,36.58,23.5,50.34,2.578,61.6,7.18,107.78,1.38,26.8,39.2,Failure
05-02-2026 03:30,BIO-2199,Stem Cell Research,34.75,21.96,64.13,0.345,76.31,7.25,102.13,3.08,85.56,16.21,Success
05-02-2026 04:00,BIO-2200,Drug Discovery,33.04,19.96,60.38,0.211,76.15,6.71,104.53,1.35,56.67,18.36,Failure
05-02-2026 04:30,BIO-2201,Drug Discovery,41.43,20.27,66.01,0.541,50.74,7.23,95.51,1.71,69.3,23.97,Failure
05-02-2026 05:00,BIO-2202,Stem Cell Research,33.34,24.14,73.14,-0.1,65.91,7.35,105.09,2.05,75.45,18.63,Success
05-02-2026 05:30,BIO-2203,Protein Synthesis,42.3,10.79,65.9,2.479,75.92,7.52,100.51,2.35,36.68,36.44,Failure
05-02-2026 06:00,BIO-2204,Protein Synthesis,36.7,17.54,53.28,0.567,41.46,7.67,106.86,0.52,54.82,11.44,Failure
05-02-2026 06:30,BIO-2205,Tissue Engineering,38.48,16.72,75.4,1.002,56.64,7.6,95.03,1.86,59.65,15.76,Failure
05-02-2026 07:00,BIO-2206,Radiation Biology,40.33,10.94,70.53,0.778,19.56,7.43,105.98,0.64,63,22.23,Failure
05-02-2026 07:30,BIO-2207,Protein Synthesis,35.32,23.5,68.11,0.575,94.82,7.55,101.46,3.87,84.39,20.71,Success
05-02-2026 08:00,BIO-2208,Protein Synthesis,34.99,19.68,59.87,0.469,85.59,7.41,99.33,3.08,66.35,16.09,Failure
05-02-2026 08:30,BIO-2209,Radiation Biology,38.9,17.08,67.8,0.375,60.43,7.43,101.47,1.55,65.06,22.42,Failure
05-02-2026 09:00,BIO-2210,Radiation Biology,38.6,18.4,54.68,0.869,83.41,7.52,99.59,2.32,65.26,19.87,Failure
05-02-2026 09:30,BIO-2211,Radiation Biology,38.03,19.55,47.49,0.358,82.35,7.07,98.04,2.9,75.32,5.56,Success
05-02-2026 10:00,BIO-2212,Radiation Biology,38.15,20.25,59.73,0.382,,7.52,96.46,3.13,72.61,6.87,Success
05-02-2026 10:30,BIO-2213,Stem Cell Research,35.84,25.28,52.13,0.836,68.27,7.28,110.42,3.35,75.35,11.96,Success
05-02-2026 11:00,BIO-2214,Stem Cell Research,42.43,18.52,74.44,0.206,83.82,7.39,106.21,2,73.29,13.1,Success
05-02-2026 11:30,BIO-2215,Tissue Engineering,38.74,13.29,55.11,2.721,57.78,7.48,103.4,2.29,61.33,52.25,Failure
05-02-2026 12:00,BIO-2216,Protein Synthesis,37.33,19.79,53.95,0.661,70.34,7.2,99.96,3.54,77.71,12.83,Success
05-02-2026 12:30,BIO-2217,Tissue Engineering,40.58,18.3,65.31,0.519,73.97,7.14,99.52,1.88,71.03,14.99,Success
05-02-2026 13:00,BIO-2218,Stem Cell Research,33.11,11.51,50.12,0.786,64.33,7.44,105.75,1.76,71.4,8.99,Success
05-02-2026 13:30,BIO-2219,Tissue Engineering,35.35,22.09,61.68,0.456,41.65,7.34,99.75,2.19,61.73,9.13,Failure
05-02-2026 14:00,BIO-2220,Radiation Biology,39.71,16.23,71.55,0.514,80.15,7.36,108.72,3.43,79.68,19.81,Success
05-02-2026 14:30,BIO-2221,Radiation Biology,41.44,21.31,63.83,0.602,71.19,6.91,97.93,2.85,80.57,16.58,Success
05-02-2026 15:00,BIO-2222,Protein Synthesis,39.68,24.93,57.08,1.123,48.67,7.37,104.36,3.18,68.7,13.9,Failure
05-02-2026 15:30,BIO-2223,Tissue Engineering,40.06,20.88,53.91,2.913,72.38,7.16,103.7,3.02,60.7,44.47,Failure
05-02-2026 16:00,BIO-2224,Protein Synthesis,39.98,22.38,65.29,0.672,57.46,7.14,110,1.97,62.02,19.14,Failure
05-02-2026 16:30,BIO-2225,Protein Synthesis,36.33,23.15,65.27,3.319,55.64,7.24,101.52,1.99,51.34,25.25,Failure
05-02-2026 17:00,BIO-2226,Radiation Biology,33.46,25.76,54.04,0.504,78.26,7.57,102.03,3.59,73.26,18.43,Success
05-02-2026 17:30,BIO-2227,Drug Discovery,34.55,11.89,47.34,0.941,75.93,6.97,101.26,1.8,61.2,10.52,Failure
05-02-2026 18:00,BIO-2228,Protein Synthesis,36.36,25.15,58.96,0.47,67.19,7.48,104.36,2.35,68.81,3.42,Failure
05-02-2026 18:30,BIO-2229,Stem Cell Research,38.22,23.29,44.52,3.687,88.71,7.74,99.97,2.27,44.45,48.35,Failure
05-02-2026 19:00,BIO-2230,Radiation Biology,33.11,17.92,51.54,0.521,109.1,7.01,99.16,2.41,82.51,15.22,Success
05-02-2026 19:30,BIO-2231,Drug Discovery,39.24,15.65,60.64,3.174,84.65,7.19,106.64,2.85,29.92,46.24,Failure
05-02-2026 20:00,BIO-2232,Stem Cell Research,39.93,13.75,73.66,0.104,63.95,7.29,102.77,3.03,68.97,19.78,Failure
05-02-2026 20:30,BIO-2233,Protein Synthesis,35.49,10.82,67.8,2.343,87.78,7.49,102.33,3.62,48.47,40.7,Failure
05-02-2026 21:00,BIO-2234,Radiation Biology,34.09,24.51,50.65,0.875,87.88,7.08,104.74,3.45,73.99,21.9,Success
05-02-2026 21:30,BIO-2235,Drug Discovery,39.41,18.35,56.51,0.408,74.06,7.17,106.9,2.13,63.86,19.73,Failure
05-02-2026 22:00,BIO-2236,Radiation Biology,36.52,24.91,68.09,4.172,55.15,7.55,103.15,2.89,61.34,33.88,Failure
05-02-2026 22:30,BIO-2237,Protein Synthesis,38.46,15.86,65.73,0.641,90.42,7.11,89.8,2.94,73.66,6.33,Success
05-02-2026 23:00,BIO-2238,Protein Synthesis,37.18,19.62,56.64,0.044,75.91,6.92,95.09,3.36,80.6,4.23,Success
05-02-2026 23:30,BIO-2239,Drug Discovery,32.29,23.8,73.79,0.386,93.37,7.23,94.16,2.83,76.49,25.31,Failure
06-02-2026 00:00,BIO-2240,Tissue Engineering,41.45,27.71,59.29,0.628,61.09,7.34,96,0.51,57.58,22.82,Failure
06-02-2026 00:30,BIO-2241,Drug Discovery,38.72,20.38,63.31,0.356,80.94,7.42,97.24,1.56,64.66,13.18,Failure
06-02-2026 01:00,BIO-2242,Drug Discovery,38.36,23.86,58.83,0.843,97.5,7.02,103.76,2.22,64.23,21.51,Failure
06-02-2026 01:30,BIO-2243,Protein Synthesis,37.64,24.02,60.1,0.412,97.17,7.51,99.92,4.21,85.12,3.74,Success
06-02-2026 02:00,BIO-2244,Tissue Engineering,38.44,20.18,69.97,0.243,76.17,7.3,99.39,3.39,67.27,13.78,Failure
06-02-2026 02:30,BIO-2245,Protein Synthesis,33.98,21.28,69.94,0.949,74.14,7.61,91.05,2.46,72.85,18.99,Success
06-02-2026 03:00,BIO-2246,Drug Discovery,36.83,25.51,45.21,0.825,63.05,7.38,95.36,2.4,77.21,15.3,Success
06-02-2026 03:30,BIO-2247,Protein Synthesis,43.67,21.88,61.2,0.61,82.17,7.49,98.19,2.1,70.41,20.12,Success
06-02-2026 04:00,BIO-2248,Protein Synthesis,40.06,25.8,39.17,1.061,49.63,7.27,102.08,2.7,70.01,16.41,Success
06-02-2026 04:30,BIO-2249,Protein Synthesis,40.62,23.75,56.1,0.599,73.14,7.65,94.85,2.87,59.53,13.88,Failure
06-02-2026 05:00,BIO-2250,Tissue Engineering,40.05,19.53,54.55,0.565,82.63,7.56,96.95,2.73,76.33,20.4,Success
06-02-2026 05:30,BIO-2251,Protein Synthesis,38.86,27.94,61.58,0.792,61.8,7.03,112.25,1.85,67.24,19.53,Failure
06-02-2026 06:00,BIO-2252,Radiation Biology,31.54,18.89,54.63,0.437,84.42,7.17,92.12,3.84,86.58,19.27,Success
06-02-2026 06:30,BIO-2253,Stem Cell Research,36.29,20.89,58.37,0.072,81.32,6.9,105.15,2.11,77.33,11.18,Success
06-02-2026 07:00,BIO-2254,Tissue Engineering,37.88,21.42,67.88,1.132,102.16,7.1,99.4,4.8,77.85,19.3,Success
06-02-2026 07:30,BIO-2255,Stem Cell Research,40.16,27.39,50.64,0.882,81.52,7.72,100.89,3.02,70.67,14.09,Success
06-02-2026 08:00,BIO-2256,Tissue Engineering,39.7,22.3,67.74,0.315,76.12,6.92,99.96,2.74,70.21,19.52,Success
06-02-2026 08:30,BIO-2257,Radiation Biology,38.87,19.21,61.2,3.941,79.34,7.39,100.66,3.09,54.64,37.83,Failure
06-02-2026 09:00,BIO-2258,Drug Discovery,35.18,24.01,63.83,0.5,47.2,7.91,104.1,1.47,66.5,11.65,Failure
06-02-2026 09:30,BIO-2259,Protein Synthesis,40.45,19.61,59.49,3.895,41.06,7.15,101.62,0.96,22.6,47.2,Failure
06-02-2026 10:00,BIO-2260,Drug Discovery,40.8,17.14,71.87,0.872,49.52,7.12,102.47,1.46,69.46,28.06,Failure
06-02-2026 10:30,BIO-2261,Drug Discovery,38.93,25.08,63.87,0.44,76.01,7.14,102.03,2.1,73.53,11.42,Success
06-02-2026 11:00,BIO-2262,Protein Synthesis,39.64,22.41,48.88,3.94,92.43,7.43,98.69,2.65,56.71,29.53,Failure
06-02-2026 11:30,BIO-2263,Radiation Biology,38.06,24.91,68.38,0.354,98.57,6.7,93.15,3.92,73.89,12.74,Success
06-02-2026 12:00,BIO-2264,Tissue Engineering,37.16,21.41,49.46,0.404,92.07,7.1,107.01,3.55,84.88,3.8,Success
06-02-2026 12:30,BIO-2265,Radiation Biology,37.73,28.16,43.58,0.828,83.61,7.15,102.62,1.36,67.14,14.07,Failure
06-02-2026 13:00,BIO-2266,Drug Discovery,37.36,23.01,66.01,0.14,71.87,6.82,101.2,2.43,80.62,12.42,Success
06-02-2026 13:30,BIO-2267,Tissue Engineering,40.78,20.52,70.07,0.714,87.84,7.53,109.49,2.42,67.34,16.68,Failure
06-02-2026 14:00,BIO-2268,Protein Synthesis,32.6,15.96,64.45,0.431,80.75,7.21,106.85,3.81,93.35,19.66,Success
06-02-2026 14:30,BIO-2269,Drug Discovery,39.59,21.03,45.4,0.552,53.15,7.36,99.41,2.66,64.51,16.61,Failure
06-02-2026 15:00,BIO-2270,Stem Cell Research,42.29,23.04,71.16,0.675,116.29,6.8,98.58,3.54,70.2,26.31,Failure
06-02-2026 15:30,BIO-2271,Drug Discovery,37.23,23.6,70.42,0.656,85.93,7.19,97.78,2.58,72.07,11.02,Success
06-02-2026 16:00,BIO-2272,Stem Cell Research,36.32,22.69,46.76,0.528,78.52,7.36,96.22,3.08,72.97,15.93,Success
06-02-2026 16:30,BIO-2273,Tissue Engineering,34.08,14.76,79.99,0.454,63.49,7.29,100.3,3.36,73.04,16.97,Success
06-02-2026 17:00,BIO-2274,Stem Cell Research,39.4,27.6,56.53,0.536,75.77,7.32,105.06,1.99,73.83,12.26,Success
06-02-2026 17:30,BIO-2275,Stem Cell Research,37.59,21.01,66.81,0.222,91.3,7.51,94.89,2.75,76.66,8.03,Success
06-02-2026 18:00,BIO-2276,Drug Discovery,36.11,17.21,70.52,0.711,75.93,7.73,101.03,3.26,72.41,15.9,Success
06-02-2026 18:30,BIO-2277,Radiation Biology,34.17,15.76,45.01,0.595,67.71,7.13,90.56,2.78,82.57,12.65,Success
06-02-2026 19:00,BIO-2278,Stem Cell Research,35.03,23.74,53.52,0.384,63.78,7.62,98.63,0.96,63.74,12.66,Failure
06-02-2026 19:30,BIO-2279,Protein Synthesis,34.34,17.9,66.17,2.492,42.33,7.65,101.93,0.13,37.51,55.92,Failure
06-02-2026 20:00,BIO-2280,Radiation Biology,39.13,20.85,55.09,0.666,75.59,7.58,104.5,3.34,75.36,15.44,Success
06-02-2026 20:30,BIO-2281,Radiation Biology,35.83,20.05,48.91,0.271,,7.25,98.8,2.69,76.42,15.63,Success
06-02-2026 21:00,BIO-2282,Stem Cell Research,37.84,19.46,76.85,0.674,61.98,7.54,107.38,3.82,71.78,16.76,Success
06-02-2026 21:30,BIO-2283,Protein Synthesis,38.21,23.68,68.88,0.723,71.52,7.08,106.79,2.03,67.2,22.96,Failure
06-02-2026 22:00,BIO-2284,Radiation Biology,37.3,13.85,49.31,0.913,81.78,7.51,102.28,1.51,57.07,4.41,Failure
06-02-2026 22:30,BIO-2285,Stem Cell Research,38.07,24.82,64.69,0.369,77.86,7.23,98.79,2.75,78.55,15.98,Success
06-02-2026 23:00,BIO-2286,Radiation Biology,36.92,32.48,71.94,0.872,70.65,6.79,99.43,1.84,76.54,17.37,Success
06-02-2026 23:30,BIO-2287,Drug Discovery,38.01,21.26,65.05,0.836,81.32,6.9,96.45,2.38,65.85,19.95,Failure
07-02-2026 00:00,BIO-2288,Stem Cell Research,40.27,14.78,56.44,0.746,70.76,7.14,103.21,1.93,67.54,11.68,Failure
07-02-2026 00:30,BIO-2289,Stem Cell Research,33.24,21.21,82.12,1.179,40.86,7.24,94.82,1.22,56.1,25.53,Failure
07-02-2026 01:00,BIO-2290,Tissue Engineering,41.46,26.49,68.03,0.283,82.93,7.21,100.71,4.02,80.54,17.33,Success
07-02-2026 01:30,BIO-2291,Tissue Engineering,38.11,13.96,46.12,0.404,61.57,7.42,95.91,2.2,66.14,5.53,Failure
07-02-2026 02:00,BIO-2292,Protein Synthesis,29.17,27.57,56.02,0.731,91.52,6.94,101.47,2.49,64.5,27.92,Failure
07-02-2026 02:30,BIO-2293,Radiation Biology,34.69,23.19,51.17,1.198,47.6,7.14,103.36,1.43,58.17,24.13,Failure
07-02-2026 03:00,BIO-2294,Drug Discovery,35.97,26.5,57.03,0.427,95.47,7.66,103.79,3.04,81.79,10.01,Success
07-02-2026 03:30,BIO-2295,Drug Discovery,33.06,21.02,56.57,1.102,65.32,7.34,102,2.45,66.53,19.36,Failure
07-02-2026 04:00,BIO-2296,Tissue Engineering,42.04,26.43,54.28,0.534,69.4,7.78,104.37,3.53,70.54,24.54,Failure
07-02-2026 04:30,BIO-2297,Protein Synthesis,33.68,19.68,63.33,0.629,96.42,7.35,96.05,2.93,69.24,15.85,Failure
07-02-2026 05:00,BIO-2298,Stem Cell Research,34.11,23.28,66.04,0.586,,6.6,109.02,2.85,68.56,14.07,Failure
07-02-2026 05:30,BIO-2299,Drug Discovery,34.38,17.45,65.31,0.386,64.27,7.67,112.77,3.13,72,21,Success
07-02-2026 06:00,BIO-2300,Drug Discovery,32.5,22.49,69.22,4.125,65.64,7.33,112.16,1.38,52.93,34.6,Failure
07-02-2026 06:30,BIO-2301,Radiation Biology,36.06,19.62,45.36,0.106,62.07,7.15,104.73,1.47,66.85,13.14,Failure
07-02-2026 07:00,BIO-2302,Stem Cell Research,38.99,22.91,71.04,1.264,73.5,7.45,100.35,2.33,59.61,27.99,Failure
07-02-2026 07:30,BIO-2303,Radiation Biology,37.96,,60.18,4.22,78.27,6.85,101.09,2.57,30.44,33.92,Failure
07-02-2026 08:00,BIO-2304,Stem Cell Research,38.4,21.28,74.04,0.372,112.27,7.18,105.64,5.45,91.78,22.6,Failure
07-02-2026 08:30,BIO-2305,Tissue Engineering,33.77,26.61,66.03,0.808,78.54,6.76,103.37,2.43,69.23,28.25,Failure
07-02-2026 09:00,BIO-2306,Drug Discovery,36.44,19.24,45.44,0.682,82.64,7.44,103.81,2.94,65.76,15.52,Failure
07-02-2026 09:30,BIO-2307,Protein Synthesis,36.34,19.54,68.75,4.344,74.75,7.28,91.84,1.94,41.02,45.46,Failure
07-02-2026 10:00,BIO-2308,Radiation Biology,37.2,25.5,,0.995,98.12,7.37,96.51,4.04,79.7,20.35,Success
07-02-2026 10:30,BIO-2309,Stem Cell Research,39.75,20.59,46.86,0.156,88.01,7.23,102.89,2.28,81.49,17.23,Success
07-02-2026 11:00,BIO-2310,Stem Cell Research,34.12,22.38,50.12,0.863,71.86,6.92,98.2,2.41,76.82,20.49,Success
07-02-2026 11:30,BIO-2311,Drug Discovery,40.5,27.59,69.22,4.182,81.5,7.25,106.21,3.01,42.47,53.45,Failure
07-02-2026 12:00,BIO-2312,Tissue Engineering,36.24,17.31,59.44,0.323,76.18,7.37,100.55,3.26,72.56,9.85,Success
07-02-2026 12:30,BIO-2313,Protein Synthesis,39.08,17.38,55.48,1.045,64.31,7.62,103.62,3.68,78.35,10.64,Success
07-02-2026 13:00,BIO-2314,Radiation Biology,34.1,15.81,51.18,3.08,37.5,7.53,102.31,-0.71,25.28,21.63,Failure
07-02-2026 13:30,BIO-2315,Tissue Engineering,37.99,12.4,72.1,0.39,57.02,7.57,96.14,2.35,64.14,17.17,Failure
07-02-2026 14:00,BIO-2316,Protein Synthesis,37.7,17.09,40.65,0.397,82.87,7.73,99.94,2.54,69.6,7.94,Failure
07-02-2026 14:30,BIO-2317,Tissue Engineering,34.48,25.15,61.96,0.62,84.74,7.41,100.94,2.03,71.43,11.5,Success
07-02-2026 15:00,BIO-2318,Stem Cell Research,33.68,25.63,54.02,3.852,70.38,7.07,104.78,3.01,41.73,46.16,Failure
07-02-2026 15:30,BIO-2319,Radiation Biology,35.64,23.83,46.39,0.83,66.68,7.68,99.71,2.37,66.79,9.32,Failure
07-02-2026 16:00,BIO-2320,Drug Discovery,34.2,22.82,53.93,0.799,51.04,7.01,92.03,0.3,59.14,18.49,Failure
07-02-2026 16:30,BIO-2321,Protein Synthesis,35.34,23.29,67.45,0.332,82.54,6.98,89.48,2.36,65.12,10.6,Failure
07-02-2026 17:00,BIO-2322,Radiation Biology,36.1,16.85,59.27,0.533,46.72,7.48,99.87,0.74,53.48,22.55,Failure
07-02-2026 17:30,BIO-2323,Drug Discovery,30.35,17.81,53.24,0.817,83.17,7.56,101.02,2.19,59.16,21.71,Failure
07-02-2026 18:00,BIO-2324,Stem Cell Research,30.39,,56.41,0.633,65.34,7.88,111.92,0.4,50.61,26.41,Failure
07-02-2026 18:30,BIO-2325,Radiation Biology,39.5,16.98,47.21,0.633,76.3,7.65,104.73,3,69.89,14.1,Failure
07-02-2026 19:00,BIO-2326,Tissue Engineering,34.12,18.06,69.08,0.929,86.14,6.81,94.89,4.37,78.31,23.3,Failure
07-02-2026 19:30,BIO-2327,Tissue Engineering,35.69,21.37,62.93,0.212,70.52,7.36,97.73,2.84,80.64,22.27,Failure
07-02-2026 20:00,BIO-2328,Stem Cell Research,44,23.76,61.12,2.757,71.5,7.39,106.09,-0.2,11.44,50.92,Failure
07-02-2026 20:30,BIO-2329,Radiation Biology,36.44,16.51,67.32,0.569,88.56,6.93,98.86,3.75,67.13,15.42,Failure
07-02-2026 21:00,BIO-2330,Stem Cell Research,38.08,21.55,58.32,0.832,75.44,7.72,98.46,4.2,68.02,16.46,Failure
07-02-2026 21:30,BIO-2331,Stem Cell Research,37.2,18.19,46.46,0.833,75.01,7.54,109.93,3.37,78.57,10.75,Success
07-02-2026 22:00,BIO-2332,Protein Synthesis,37.02,24.93,54.64,0.714,104.76,7.26,100.84,3.4,76.41,13.02,Success
07-02-2026 22:30,BIO-2333,Stem Cell Research,37.13,18.64,65.77,0.483,71.59,7.97,92.85,3.59,74.69,18.12,Success
07-02-2026 23:00,BIO-2334,Drug Discovery,36,23.12,64.87,0.406,73.07,7.57,100.29,3.58,73.86,20.05,Success
07-02-2026 23:30,BIO-2335,Tissue Engineering,36.17,26.85,39.28,4.45,86.56,6.78,99.95,4.05,28.32,24.98,Failure
08-02-2026 00:00,BIO-2336,Protein Synthesis,40.05,18.42,37.89,0.347,72.12,7.23,97.26,1.25,69.9,15.33,Failure
08-02-2026 00:30,BIO-2337,Stem Cell Research,38.61,21.93,54.2,0.646,109.23,7.52,98.8,3.79,80.22,18.27,Success
08-02-2026 01:00,BIO-2338,Drug Discovery,37.82,25.2,49.09,2.18,79.13,7.43,106.58,2.05,31.03,37.23,Failure
08-02-2026 01:30,BIO-2339,Radiation Biology,31.97,20.89,58.97,1.756,72.22,7.43,107.77,1.53,16.53,32.39,Failure
08-02-2026 02:00,BIO-2340,Drug Discovery,37.63,19.3,48.39,0.56,69.93,6.93,95.59,2.61,63.13,14.03,Failure
08-02-2026 02:30,BIO-2341,Stem Cell Research,38.49,27.13,55.2,0.461,92.63,7.34,111.39,2.71,78.87,15.82,Success
08-02-2026 03:00,BIO-2342,Tissue Engineering,39.05,15.05,64.1,0.184,74.23,6.84,92.27,1.98,65.48,9.2,Failure
08-02-2026 03:30,BIO-2343,Radiation Biology,38.73,22.13,44.61,0.672,81.94,7.37,105.01,3.44,76.37,16.28,Success
08-02-2026 04:00,BIO-2344,Tissue Engineering,41.83,22.14,57.9,0.645,66.75,7.79,103.26,1.15,65.8,19.17,Failure
08-02-2026 04:30,BIO-2345,Tissue Engineering,33.54,21.42,59.11,0.561,72.02,7.34,97.3,1.09,68.02,21.8,Failure
08-02-2026 05:00,BIO-2346,Tissue Engineering,39.43,18.62,55.83,0.616,86.99,7.5,90.3,2.25,73.69,25.43,Failure
08-02-2026 05:30,BIO-2347,Radiation Biology,37.71,20.04,63.42,0.264,32.32,7.12,104.34,0.72,71.49,14.31,Failure
08-02-2026 06:00,BIO-2348,Protein Synthesis,37.76,25.4,57.19,0.625,75.06,7.44,96.55,2.1,71.27,15.19,Success
08-02-2026 06:30,BIO-2349,Tissue Engineering,37.55,18.72,46.81,0.554,59.6,7.25,94.06,1.93,65.95,15.25,Failure
08-02-2026 07:00,BIO-2350,Radiation Biology,38.96,27.02,67.73,0.564,62.12,7.25,99.03,1.19,65.98,21.64,Failure
08-02-2026 07:30,BIO-2351,Radiation Biology,37.42,21.29,63.09,1.187,87.28,7.04,101.82,3.49,72.91,20.05,Success
08-02-2026 08:00,BIO-2352,Radiation Biology,35.95,23.79,71.88,0.432,85.85,7.58,95.27,4.28,82.23,12.57,Success
08-02-2026 08:30,BIO-2353,Drug Discovery,35.4,18.94,60.93,0.352,85.77,7.54,98.71,3.18,84.84,16.85,Success
08-02-2026 09:00,BIO-2354,Drug Discovery,39.58,18.74,59.7,4.125,76.26,7.44,102.18,1.47,24.21,23.88,Failure
08-02-2026 09:30,BIO-2355,Drug Discovery,35.69,23.09,61.78,1.081,101.8,6.68,106.7,4.85,73.15,21.85,Success
08-02-2026 10:00,BIO-2356,Tissue Engineering,33.39,23.86,63.22,0.031,49.28,6.98,100.61,0.41,67.51,13.05,Failure
08-02-2026 10:30,BIO-2357,Radiation Biology,37.27,,58.49,0.953,70.08,6.92,104.3,2.17,66.01,14.13,Failure
08-02-2026 11:00,BIO-2358,Radiation Biology,33.83,18.31,54.03,0.668,73.07,7.45,92.88,1.13,64.11,21.5,Failure
08-02-2026 11:30,BIO-2359,Radiation Biology,35.23,23.76,70.8,0.726,68.39,7.26,107.93,1.49,70.98,17.2,Failure
08-02-2026 12:00,BIO-2360,Protein Synthesis,37.5,14.72,71.54,0.457,89.56,7.76,103.8,4.38,74.9,20.03,Success
08-02-2026 12:30,BIO-2361,Drug Discovery,38.47,26.06,55.61,0.531,82.79,7.43,101.17,2.19,78.14,16.78,Success
08-02-2026 13:00,BIO-2362,Drug Discovery,28.89,21.25,55.77,0.11,83.17,7.05,108.08,2.22,76.76,18.88,Success
08-02-2026 13:30,BIO-2363,Radiation Biology,33.06,23.47,43.52,0.571,78.89,7.03,99.35,3.78,81.96,20,Success
08-02-2026 14:00,BIO-2364,Protein Synthesis,41.51,21.33,67.36,3.404,63.37,7.58,103.04,1.58,42.68,46.51,Failure
08-02-2026 14:30,BIO-2365,Protein Synthesis,34.9,21.72,68.11,0.531,87.34,6.96,112.51,3.42,74.13,13.7,Success
08-02-2026 15:00,BIO-2366,Stem Cell Research,34.29,24.34,56.38,4.629,74.28,7,104.25,3.11,33.73,43.58,Failure
08-02-2026 15:30,BIO-2367,Tissue Engineering,39.14,20.96,62.17,4.111,81.96,7.04,107.62,3.19,45.88,52.03,Failure
08-02-2026 16:00,BIO-2368,Tissue Engineering,39.57,15.56,52.24,0.568,94.13,7.45,100.31,3.86,89.77,13.75,Success
08-02-2026 16:30,BIO-2369,Stem Cell Research,37.43,18.96,59.59,0.892,96.76,7.16,99.87,2.18,66.45,19.63,Failure
08-02-2026 17:00,BIO-2370,Stem Cell Research,41.16,21.43,73.39,1.035,48.46,7.42,103.26,0.63,51.74,30.59,Failure
08-02-2026 17:30,BIO-2371,Drug Discovery,37.87,23.94,68.14,0.958,91.62,7.35,104.19,4.25,63.95,11.54,Failure
08-02-2026 18:00,BIO-2372,Drug Discovery,35.39,19.04,64.09,3.536,89.85,7.28,100.06,2.65,41.36,24.26,Failure
08-02-2026 18:30,BIO-2373,Radiation Biology,34.25,20.1,49.22,0.645,80.63,7.55,101.16,2.29,76.16,15.04,Success
08-02-2026 19:00,BIO-2374,Radiation Biology,38.58,29.81,60.9,0.319,47.95,6.77,104.75,2.02,71.45,13.55,Success
08-02-2026 19:30,BIO-2375,Tissue Engineering,35.62,27.25,54.15,0.947,64.61,7.11,104.52,2.26,70.74,27.03,Failure
08-02-2026 20:00,BIO-2376,Tissue Engineering,37.34,16.79,43.46,0.37,86.1,7.12,97.5,3.72,72.84,12.93,Success
08-02-2026 20:30,BIO-2377,Stem Cell Research,35.93,19.76,70.78,2.743,90.28,6.96,95.74,2.67,51.32,33.39,Failure
08-02-2026 21:00,BIO-2378,Drug Discovery,37.07,23.73,58.02,0.523,60.76,7.52,99.48,0.52,62.13,12.25,Failure
08-02-2026 21:30,BIO-2379,Protein Synthesis,34.32,16.39,65.84,2.446,102.31,7.1,103.74,2.72,46.07,47.74,Failure
08-02-2026 22:00,BIO-2380,Tissue Engineering,32.91,24.27,63.61,0.619,73.69,7.7,105.31,0.48,60.9,25.54,Failure
08-02-2026 22:30,BIO-2381,Tissue Engineering,36.45,15.11,53.19,0.517,88.12,7.48,95.2,3.85,66.82,10.2,Failure
08-02-2026 23:00,BIO-2382,Radiation Biology,36.36,23.25,62.95,0.722,,7.23,105.41,4.43,79.73,5.69,Success
08-02-2026 23:30,BIO-2383,Radiation Biology,37.04,13.78,56.17,0.43,75,7.49,95.17,3.79,73.78,17.8,Success
09-02-2026 00:00,BIO-2384,Drug Discovery,37.54,26.08,65.33,2.204,82.07,7.06,103.06,4.43,66.48,42.21,Failure
09-02-2026 00:30,BIO-2385,Protein Synthesis,41.25,23.82,60.84,3.263,79.76,6.93,95.81,1.61,41.31,40.24,Failure
09-02-2026 01:00,BIO-2386,Protein Synthesis,35.01,21.16,60.64,0.491,50.19,7.28,107.92,1.94,63.58,18.56,Failure
09-02-2026 01:30,BIO-2387,Protein Synthesis,35.65,19.21,54.34,0.556,104.6,7.2,107.85,3.01,79.9,11.58,Success
09-02-2026 02:00,BIO-2388,Protein Synthesis,38.38,26.05,68.01,0.327,50.96,7.39,100.03,0.56,56.93,9.29,Failure
09-02-2026 02:30,BIO-2389,Protein Synthesis,34.23,24.74,58.79,0.853,107.49,7.54,102.67,4.09,80.14,20.51,Success
09-02-2026 03:00,BIO-2390,Tissue Engineering,38.9,18.23,53.16,0.369,72.87,7.33,102.92,2.1,63.84,17.66,Failure
09-02-2026 03:30,BIO-2391,Protein Synthesis,38.39,19.46,71.15,0.65,87.15,6.98,105.72,3.47,74.48,13.45,Success
09-02-2026 04:00,BIO-2392,Protein Synthesis,36.12,24.66,58.21,0.593,78.51,7.64,105.31,2.64,61.55,14.67,Failure
09-02-2026 04:30,BIO-2393,Protein Synthesis,35.92,20.58,63.51,0.345,,7.42,107.77,1.67,63.14,14.63,Failure
09-02-2026 05:00,BIO-2394,Stem Cell Research,34.18,12.25,78.24,0.439,88.49,7.53,100.84,4.36,78.11,30.48,Failure
09-02-2026 05:30,BIO-2395,Stem Cell Research,36.69,20.83,,0.744,71.9,7.17,107.53,3.44,76.96,11.62,Success
09-02-2026 06:00,BIO-2396,Stem Cell Research,39.17,19.51,50.49,0.321,75.1,7.19,99.43,1.83,74.92,13.69,Success
09-02-2026 06:30,BIO-2397,Tissue Engineering,38.09,17.07,51.54,0.521,78.17,7.32,100.03,2.64,72.14,10.35,Success
09-02-2026 07:00,BIO-2398,Radiation Biology,36.82,20.72,52.16,2.955,68.18,7.31,90.75,3.05,60.58,45.33,Failure
09-02-2026 07:30,BIO-2399,Tissue Engineering,38.18,12.88,69.34,2.534,61.53,7.28,110.06,0.6,16.54,29.75,Failure
09-02-2026 08:00,BIO-2400,Drug Discovery,34.27,20.98,48.08,2.87,96.22,7.67,104.52,2.68,40.17,25.83,Failure
09-02-2026 08:30,BIO-2401,Protein Synthesis,38.75,,62.67,0.29,75.44,7.26,98.26,5.19,89.91,6.25,Success
09-02-2026 09:00,BIO-2402,Drug Discovery,36.65,22.35,63.99,0.586,88.71,7.34,106.06,4.53,87.42,14.39,Success
09-02-2026 09:30,BIO-2403,Stem Cell Research,37.73,18.27,47.45,0.346,67.74,7.02,109.51,2.46,78.1,6.19,Success
09-02-2026 10:00,BIO-2404,Stem Cell Research,37.07,22.93,55.8,0.116,78.02,7.5,105.63,3.39,76.9,6.17,Success
09-02-2026 10:30,BIO-2405,Tissue Engineering,36.11,20.57,54.74,0.375,78.04,7.16,98.99,3.2,76.93,13.34,Success
09-02-2026 11:00,BIO-2406,Protein Synthesis,37.37,22.15,66.76,0.414,74.71,7.29,107.06,3.54,70.66,20.19,Success
09-02-2026 11:30,BIO-2407,Drug Discovery,34.31,26.62,70.56,0.459,95.29,7.86,103.91,2.9,69.97,21.25,Failure
09-02-2026 12:00,BIO-2408,Tissue Engineering,35.16,19.45,45.2,0.96,44.62,7.1,95.14,2.06,56.4,12.68,Failure
09-02-2026 12:30,BIO-2409,Tissue Engineering,38.93,15.65,65.43,0.428,86.06,7.34,100.15,4.7,79.69,13.23,Success
09-02-2026 13:00,BIO-2410,Protein Synthesis,36.66,17.63,62.24,0.554,89.24,7.55,107.66,3.16,79.94,7.38,Success
09-02-2026 13:30,BIO-2411,Tissue Engineering,37.64,24.35,61.96,0.965,64.32,7.27,104.94,3.98,82.57,17.15,Success
09-02-2026 14:00,BIO-2412,Stem Cell Research,36.85,18.66,60.79,0.705,66.27,7.72,106.62,2.71,68.75,9.73,Failure
09-02-2026 14:30,BIO-2413,Drug Discovery,36.5,19.14,52.16,0.839,87.25,7.38,99.74,2.69,70.79,14.84,Success
09-02-2026 15:00,BIO-2414,Stem Cell Research,34.31,20.09,59.18,0.13,61.69,7.66,98.79,0.94,68.02,18.43,Failure
09-02-2026 15:30,BIO-2415,Stem Cell Research,39.96,21.54,62.29,0.821,48.21,7.65,103.77,2.05,55.79,15.53,Failure
09-02-2026 16:00,BIO-2416,Drug Discovery,34.96,22.71,73.85,0.379,91.92,7.13,98.71,3.57,77.9,16,Success
09-02-2026 16:30,BIO-2417,Drug Discovery,38.87,21.19,65.51,0.584,85.51,7.24,98.58,4.34,75.97,17.85,Success
09-02-2026 17:00,BIO-2418,Radiation Biology,36.42,17.13,46.3,0.562,78.39,7.67,95.64,3.9,68.22,12.49,Failure
09-02-2026 17:30,BIO-2419,Protein Synthesis,34.69,18.03,83.35,0.653,86.07,7.48,103.64,3.16,69.52,16.99,Failure
09-02-2026 18:00,BIO-2420,Stem Cell Research,43.71,19.01,63.71,1.025,41.86,7.58,100.16,0.82,48.9,23.33,Failure
09-02-2026 18:30,BIO-2421,Stem Cell Research,34.76,14.87,67.38,0.855,89.87,7.47,95.8,3.94,64.72,21.71,Failure
09-02-2026 19:00,BIO-2422,Radiation Biology,33.45,13.56,69.14,0.262,79.78,7.68,95.32,3.23,68.53,15.05,Failure
09-02-2026 19:30,BIO-2423,Stem Cell Research,36.99,16.76,69.47,0.854,48.94,7.18,94.02,1.13,62.24,15.72,Failure
09-02-2026 20:00,BIO-2424,Drug Discovery,39.84,22.5,56.98,0.546,50.77,7.02,101.04,0.77,57.28,18.9,Failure
09-02-2026 20:30,BIO-2425,Radiation Biology,38.4,24.78,58.33,3.561,71.54,7.11,100.52,2.81,39.29,35.04,Failure
09-02-2026 21:00,BIO-2426,Drug Discovery,37.89,25.03,55.56,0.397,75.51,7.09,98.2,2.96,86.61,14.08,Success
09-02-2026 21:30,BIO-2427,Stem Cell Research,40.58,22.31,71.18,2.602,57.66,7.04,101.15,0.31,25.42,43.96,Failure
09-02-2026 22:00,BIO-2428,Tissue Engineering,34.48,24.51,63.58,0.449,66.93,7.25,96.48,2.43,71.83,9.46,Success
09-02-2026 22:30,BIO-2429,Radiation Biology,29.95,23.18,79.16,0.582,53.2,7.45,99.31,1.44,57.57,22.73,Failure
09-02-2026 23:00,BIO-2430,Tissue Engineering,35.76,19.95,61.94,0.456,74.36,7.44,97.82,2.26,70.88,14.46,Success
09-02-2026 23:30,BIO-2431,Drug Discovery,38.42,22.91,66.67,0.446,100.45,7.42,109.31,1.55,60.14,11.21,Failure
10-02-2026 00:00,BIO-2432,Stem Cell Research,36.29,9.65,68.53,0.325,67.39,7.7,99.03,2.21,77.64,14.43,Success
10-02-2026 00:30,BIO-2433,Tissue Engineering,32.76,21.61,61.86,0.566,68.93,7.25,105.89,2.42,76.29,14.96,Success
10-02-2026 01:00,BIO-2434,Drug Discovery,35.85,25.19,56.96,0.532,79.51,7.17,95.09,2.74,77.36,19.42,Success
10-02-2026 01:30,BIO-2435,Radiation Biology,38.25,27.85,59.17,0.8,79.27,7,104.24,2.77,74.64,10.07,Success
10-02-2026 02:00,BIO-2436,Drug Discovery,40.2,11.44,79.64,0.392,75.04,7.51,104.56,2.93,77.33,20.42,Success
10-02-2026 02:30,BIO-2437,Protein Synthesis,31.17,16.18,56.24,0.287,44.73,7.07,86.91,1.44,66.58,20.09,Failure
10-02-2026 03:00,BIO-2438,Drug Discovery,38.93,22.29,53.23,0.171,105.76,7.23,102.94,4.48,88.77,10.37,Success
10-02-2026 03:30,BIO-2439,Drug Discovery,37.5,21.7,66.38,0.453,80.23,7.07,101.73,3.6,82.32,11.96,Success
10-02-2026 04:00,BIO-2440,Radiation Biology,40.04,14.31,54.07,0.103,56.41,7.01,104.68,2.02,66.49,12.6,Failure
10-02-2026 04:30,BIO-2441,Stem Cell Research,36.76,18.32,58.03,4.153,80.14,7.13,101.6,3.33,31.16,34.01,Failure
10-02-2026 05:00,BIO-2442,Tissue Engineering,35.74,25.58,65.76,3.149,53.8,7.59,100.78,0.47,32.95,49.79,Failure
10-02-2026 05:30,BIO-2443,Tissue Engineering,35.56,14.41,61.67,0.523,81.7,6.89,94.65,2.65,70.52,20.61,Success
10-02-2026 06:00,BIO-2444,Stem Cell Research,39.5,28.52,74.59,1.065,64.95,7.04,105.3,1.75,59.01,19.29,Failure
10-02-2026 06:30,BIO-2445,Drug Discovery,34.09,16.9,58.73,0.598,79.32,7.27,101.29,2.72,68.03,14.97,Failure
10-02-2026 07:00,BIO-2446,Drug Discovery,34.78,23.16,65.24,0.074,87.52,7.47,101.54,1.47,58.8,16.73,Failure
10-02-2026 07:30,BIO-2447,Stem Cell Research,29.93,22.91,52.63,0.408,89.63,7.21,102.77,1.98,82.4,17.7,Success
10-02-2026 08:00,BIO-2448,Protein Synthesis,37.63,17.23,58.12,0.329,84.53,6.85,102.76,3.8,90.39,12.82,Success
10-02-2026 08:30,BIO-2449,Protein Synthesis,40.29,24.32,52.97,0.631,90.77,7.27,101.08,2.8,70.77,20.14,Success
10-02-2026 09:00,BIO-2450,Drug Discovery,37.4,19.14,49.43,0.514,83.36,7.41,92.99,4.64,79.14,10.74,Success
10-02-2026 09:30,BIO-2451,Tissue Engineering,42.4,25.96,60.11,0.425,69.98,7.32,91.9,2.39,65.63,15.22,Failure
10-02-2026 10:00,BIO-2452,Tissue Engineering,33.91,19.19,64.43,0.634,60.09,7.27,107.81,1.06,53.21,17.83,Failure
10-02-2026 10:30,BIO-2453,Stem Cell Research,33.89,22.75,50.27,0.65,72.01,7.34,110.04,2.25,62.13,15.07,Failure
10-02-2026 11:00,BIO-2454,Tissue Engineering,36.52,18.85,58.17,0.725,96.24,7.24,112.14,3.66,77.68,11.54,Success
10-02-2026 11:30,BIO-2455,Protein Synthesis,39.83,23.33,69.3,0.856,62.08,7.67,108.02,2.26,61.15,14.76,Failure
10-02-2026 12:00,BIO-2456,Protein Synthesis,39.54,9.18,54.92,0.438,82.63,7.11,100,2.66,75.49,15.57,Success
10-02-2026 12:30,BIO-2457,Radiation Biology,37.59,21.75,50.25,0.63,44.76,7.26,110,2.82,76.61,11.65,Success
10-02-2026 13:00,BIO-2458,Protein Synthesis,38.08,16.69,67.19,3.304,60.63,7.43,102.99,2.91,56.9,36.59,Failure
10-02-2026 13:30,BIO-2459,Protein Synthesis,37.24,14.8,44.94,0.736,101.72,7.51,102.26,4.71,81.41,15.14,Success
10-02-2026 14:00,BIO-2460,Protein Synthesis,35.31,22.33,79.9,0.526,63.94,7.11,98.48,3.2,84.4,17.24,Success
10-02-2026 14:30,BIO-2461,Stem Cell Research,37.12,15.03,71.77,0.308,90.56,7.36,107.08,2.96,92.64,12.15,Success
10-02-2026 15:00,BIO-2462,Drug Discovery,37.04,26.3,53.73,0.352,55.25,7.51,97.44,1.38,56.49,7.59,Failure
10-02-2026 15:30,BIO-2463,Drug Discovery,36.83,28.49,64.96,0.758,73.75,7.14,94.35,3.86,86.3,13.12,Success
10-02-2026 16:00,BIO-2464,Drug Discovery,36.67,26.4,64.69,0.552,73.17,7.17,100.34,2.49,72.63,10.47,Success
10-02-2026 16:30,BIO-2465,Drug Discovery,37.2,19.42,65.19,0.834,80.29,7.03,101.26,3.17,64.93,15.69,Failure
10-02-2026 17:00,BIO-2466,Protein Synthesis,34.79,16.82,63.6,0.232,33.13,7.39,102.84,-0.23,61.61,11.86,Failure
10-02-2026 17:30,BIO-2467,Protein Synthesis,36.81,17.74,73.22,0.586,84.42,7.36,98.53,3.85,82.62,16,Success
10-02-2026 18:00,BIO-2468,Stem Cell Research,40.47,24.01,42.86,0.711,74.03,7.48,97.49,2.49,68.09,21.01,Failure
10-02-2026 18:30,BIO-2469,Radiation Biology,40.1,20.08,59.83,1.086,93.17,7.43,94.71,3.77,70.23,22.52,Failure
10-02-2026 19:00,BIO-2470,Stem Cell Research,40.54,15.55,55.89,0.691,70.86,7.15,99.13,1.28,68.42,19.01,Failure
10-02-2026 19:30,BIO-2471,Tissue Engineering,35.29,14.34,55.44,-0.091,71.56,7.27,98.86,2.13,72.13,13.04,Success
10-02-2026 20:00,BIO-2472,Stem Cell Research,33.01,,83.22,0.258,,7.38,105.07,3.66,78.78,18.63,Success
10-02-2026 20:30,BIO-2473,Tissue Engineering,38.22,17.04,69.17,0.47,93.01,7.19,104.88,2.8,86.99,17.06,Success
10-02-2026 21:00,BIO-2474,Radiation Biology,41.21,19.44,56.25,3.618,49.11,7.22,102.96,3.25,40.1,48.38,Failure
10-02-2026 21:30,BIO-2475,Protein Synthesis,37.81,16.53,53.91,0.693,55.54,7.25,99.85,1.99,73.45,15.72,Success
10-02-2026 22:00,BIO-2476,Protein Synthesis,36.06,24.05,73.64,4.337,76.46,6.88,101.1,2.08,23.41,44.15,Failure
10-02-2026 22:30,BIO-2477,Drug Discovery,39.68,26.5,56.65,0.714,84.85,6.84,101.36,2,61.02,26.24,Failure
10-02-2026 23:00,BIO-2478,Stem Cell Research,33.28,19.22,55.29,0.431,87.06,6.93,96.15,3.12,70.24,16.46,Success
10-02-2026 23:30,BIO-2479,Stem Cell Research,38.78,17.77,83.13,0.283,61.94,7.45,101.31,1.44,72.74,12.2,Failure
11-02-2026 00:00,BIO-2480,Protein Synthesis,36.01,12.03,61.31,4.06,93.06,7.66,103.34,4.5,60.41,45.76,Failure
11-02-2026 00:30,BIO-2481,Drug Discovery,38.08,22.52,66.75,1.037,93.78,7.09,102.12,1.68,60.86,10.19,Failure
11-02-2026 01:00,BIO-2482,Tissue Engineering,38.11,,57.94,1.021,76.95,7.23,95.81,2.3,66.55,11.01,Failure
11-02-2026 01:30,BIO-2483,Tissue Engineering,37.29,16.1,65.82,3.172,73.71,7.26,105.8,2.98,55.67,27.61,Failure
11-02-2026 02:00,BIO-2484,Protein Synthesis,30.8,21.93,61.15,0.273,86.21,7.12,99.56,3.06,72.53,17.84,Success
11-02-2026 02:30,BIO-2485,Radiation Biology,38.26,16.31,59.45,0.381,79.22,7.72,105.03,2.57,72.16,13.83,Success
11-02-2026 03:00,BIO-2486,Protein Synthesis,38.46,24.94,52.07,0.291,67.22,7.32,100.13,1.63,75.08,9.37,Success
11-02-2026 03:30,BIO-2487,Drug Discovery,32.89,22.67,70.84,2.122,59.4,6.84,101.85,1.55,28.26,38.78,Failure
11-02-2026 04:00,BIO-2488,Drug Discovery,36.13,22.43,48.68,0.906,59.9,6.81,101.77,1.77,62.07,13.47,Failure
11-02-2026 04:30,BIO-2489,Radiation Biology,35.62,19.66,87.11,0.588,64.86,7.34,102.59,2.23,64.27,22.15,Failure
11-02-2026 05:00,BIO-2490,Drug Discovery,36,15.27,56.3,0.529,80.61,7.37,99.88,3.28,74.88,18.58,Success
11-02-2026 05:30,BIO-2491,Tissue Engineering,39.49,21.72,46.7,0.733,68.1,7.32,104.88,2.87,76.4,14.49,Success
11-02-2026 06:00,BIO-2492,Tissue Engineering,38.02,28.04,64.23,0.508,90.66,7.36,104.56,3.9,82,12.47,Success
11-02-2026 06:30,BIO-2493,Radiation Biology,34.09,20.33,53.96,3.212,90.75,7.39,106.34,4.25,41.11,52.65,Failure
11-02-2026 07:00,BIO-2494,Radiation Biology,34.07,25.44,42.07,0.878,90.38,7.4,100.54,1.93,64.54,24.29,Failure
11-02-2026 07:30,BIO-2495,Stem Cell Research,35.6,20.41,52.23,0.261,86.02,7.36,106.94,4.15,76.98,7.77,Success
11-02-2026 08:00,BIO-2496,Stem Cell Research,37.55,17.15,72.65,0.862,63.25,7.72,103.87,2.6,52.99,20.71,Failure
11-02-2026 08:30,BIO-2497,Radiation Biology,36.72,20.13,49.29,1.107,62.5,7.07,102.65,1.55,64.05,20.13,Failure
11-02-2026 09:00,BIO-2498,Drug Discovery,37.99,16.79,62.36,0.504,92.97,7.62,99.25,3.45,76.86,7.74,Success
11-02-2026 09:30,BIO-2499,Drug Discovery,39.25,20.72,43.17,0.407,76.2,6.85,104.02,3.87,70.53,13.69,Success
11-02-2026 10:00,BIO-2500,Tissue Engineering,34.63,24.89,71.13,0.269,67.3,7.34,104.77,2.28,71.67,12.63,Success
11-02-2026 10:30,BIO-2501,Tissue Engineering,37.35,23.14,56.31,0.839,78.6,7.78,107.1,3.02,77.14,15.87,Success
11-02-2026 11:00,BIO-2502,Radiation Biology,36.15,26.31,50.01,0.516,49.15,7.23,108.03,-0.29,58.34,6.79,Failure
11-02-2026 11:30,BIO-2503,Tissue Engineering,40.05,17.26,60.62,0.661,67.7,7.34,96.72,3.86,82.62,17.38,Success
11-02-2026 12:00,BIO-2504,Tissue Engineering,34.84,14.53,64.43,0.275,81.77,7.15,108.84,3.39,82.21,16.82,Success
11-02-2026 12:30,BIO-2505,Tissue Engineering,36.01,14.14,56.37,0.41,60.44,7.53,104.9,2.14,68.1,16.72,Failure
11-02-2026 13:00,BIO-2506,Drug Discovery,38.27,20.53,64.8,0.828,91.79,6.94,102.02,3.32,65.33,19.75,Failure
11-02-2026 13:30,BIO-2507,Protein Synthesis,37.72,15.69,67.47,0.89,53.68,7.4,104.59,1.04,64.27,12.05,Failure
11-02-2026 14:00,BIO-2508,Radiation Biology,40.88,11.92,56.93,0.454,,7.76,98.03,3.04,79.75,15.89,Success
11-02-2026 14:30,BIO-2509,Protein Synthesis,43.36,23.57,53.35,0.64,62.44,7.66,100.14,0.52,75.59,22.2,Failure
11-02-2026 15:00,BIO-2510,Radiation Biology,35.24,17.06,58.24,2.555,54.16,6.98,99.36,2.41,34.68,37.34,Failure
11-02-2026 15:30,BIO-2511,Tissue Engineering,37.95,17.65,48.19,0.226,74.98,7.06,102.85,1.78,77,15.27,Success
11-02-2026 16:00,BIO-2512,Protein Synthesis,34.28,17.95,66.65,0.576,80.22,6.91,103.89,3.97,81.66,9.37,Success
11-02-2026 16:30,BIO-2513,Tissue Engineering,35.54,24.02,57.06,0.626,82.09,7.13,100.79,3.81,76.85,16.37,Success
11-02-2026 17:00,BIO-2514,Stem Cell Research,34.17,21.08,51.77,0.45,83.44,7.47,96.19,2.59,70.1,13.89,Success
11-02-2026 17:30,BIO-2515,Stem Cell Research,36.94,15.36,48.3,0.718,109.23,7.02,112.26,4.97,86.87,15.58,Success
11-02-2026 18:00,BIO-2516,Stem Cell Research,34.58,21.47,68.79,0.724,90.36,7.69,104.22,2.93,73.27,17.88,Success
11-02-2026 18:30,BIO-2517,Radiation Biology,36.89,18.74,63.71,0.724,98.42,7.41,106.5,5.56,83.71,17.98,Success
11-02-2026 19:00,BIO-2518,Drug Discovery,33.6,20.18,68.51,0.454,77.62,7.46,95.8,3.06,83.3,24.19,Failure
11-02-2026 19:30,BIO-2519,Tissue Engineering,36.34,16.66,47.3,4.284,52.57,7.13,101.7,2.36,63.51,22.49,Failure
11-02-2026 20:00,BIO-2520,Protein Synthesis,35.6,21.6,57.8,0.449,76.32,7.13,107.04,3.03,72.17,10.17,Success
11-02-2026 20:30,BIO-2521,Stem Cell Research,32.74,29.06,76.15,2.907,61.39,7.42,102.3,0,9.36,51.46,Failure
11-02-2026 21:00,BIO-2522,Radiation Biology,36.97,15.96,77.63,1.062,67.78,7.16,101.44,1.34,48.61,18.74,Failure
11-02-2026 21:30,BIO-2523,Tissue Engineering,39.62,20.95,,0.312,61.32,7.36,100.95,2.13,68.43,6.74,Failure
11-02-2026 22:00,BIO-2524,Stem Cell Research,36.99,22.38,49.77,3.149,81.03,7.61,100.57,2.86,29.65,24.36,Failure
11-02-2026 22:30,BIO-2525,Drug Discovery,39.51,28.28,49.14,0.339,59.92,7.31,101.81,1.46,70.5,10.81,Failure
11-02-2026 23:00,BIO-2526,Radiation Biology,32,16.85,50.72,0.675,70.02,7.1,108.16,2.19,79.25,14.52,Success
11-02-2026 23:30,BIO-2527,Stem Cell Research,39.31,21.49,61.02,0.462,64.53,7.12,103.72,2.59,78.92,13.07,Success
12-02-2026 00:00,BIO-2528,Radiation Biology,39.41,18,60.49,0.518,83.49,7.44,102.62,2.6,73.9,16.33,Success
12-02-2026 00:30,BIO-2529,Tissue Engineering,38.38,19.87,68.23,0.482,75.96,6.73,98.85,2.04,72.96,13.47,Success
12-02-2026 01:00,BIO-2530,Drug Discovery,35.31,22.57,56.88,0.267,69.93,7.44,96.09,4.2,79.71,15.15,Success
12-02-2026 01:30,BIO-2531,Stem Cell Research,34.77,21.45,61.51,0.727,41.81,7.33,101.36,-0.05,55.46,13.2,Failure
12-02-2026 02:00,BIO-2532,Drug Discovery,34.34,23.77,51.35,3.2,77.84,7,108.73,3.64,45.06,40.13,Failure
12-02-2026 02:30,BIO-2533,Drug Discovery,38.43,21.01,60.58,0.715,72.04,7.14,106.67,2.34,69.8,14.74,Failure
12-02-2026 03:00,BIO-2534,Radiation Biology,36.07,13.64,40.69,3.633,80.93,7.91,93.83,0.93,26.13,21.5,Failure
12-02-2026 03:30,BIO-2535,Radiation Biology,36.75,19.35,51.69,0.66,78.24,6.95,98.06,2.51,64.22,7.32,Failure
12-02-2026 04:00,BIO-2536,Protein Synthesis,37.59,15.09,63.91,2.854,72.56,7.16,97.09,2.68,36.32,33.47,Failure
12-02-2026 04:30,BIO-2537,Drug Discovery,39,18.21,58.05,3.472,66.46,7.35,105.07,2.2,56.05,45.57,Failure
12-02-2026 05:00,BIO-2538,Stem Cell Research,35.95,17.6,54.2,0.799,78.04,7.32,100,2.91,80.63,13.23,Success
12-02-2026 05:30,BIO-2539,Drug Discovery,42.57,28.63,46.11,0.997,91.63,7.12,103.54,4,81.27,27.84,Failure
12-02-2026 06:00,BIO-2540,Protein Synthesis,37.94,19.17,56.58,0.545,77.27,7.45,104.71,3.05,74.7,7.11,Success
12-02-2026 06:30,BIO-2541,Stem Cell Research,38.55,21.76,59.17,0.76,68.77,7.42,94.45,2.03,70.47,18.09,Success
12-02-2026 07:00,BIO-2542,Stem Cell Research,37.15,24.79,47.24,3.895,84.86,7.5,101.51,2.12,54.88,28.88,Failure
12-02-2026 07:30,BIO-2543,Radiation Biology,39.06,25.65,67.46,0.363,105.26,6.87,111.23,3.69,93.37,20.11,Success
12-02-2026 08:00,BIO-2544,Tissue Engineering,35.59,24.38,52.87,0.737,81.24,7.33,98.95,2.64,75.33,14.2,Success
12-02-2026 08:30,BIO-2545,Stem Cell Research,36.81,19.96,50.99,0.85,55.1,7.25,98.42,3.44,73.25,10.4,Success
12-02-2026 09:00,BIO-2546,Radiation Biology,38.94,20.74,63.62,0.881,92.52,7.02,99.72,4.42,82.25,10.47,Success
12-02-2026 09:30,BIO-2547,Protein Synthesis,34.12,25.14,52.17,0.202,61.51,7.4,106.6,2.29,74.85,22.48,Failure
12-02-2026 10:00,BIO-2548,Radiation Biology,38.63,20.95,66.79,3.356,79.5,7.28,107.66,2.87,40.51,38.38,Failure
12-02-2026 10:30,BIO-2549,Protein Synthesis,31.89,28.47,52.67,0.386,85.92,7.28,95.79,2.56,74.24,26.06,Failure
12-02-2026 11:00,BIO-2550,Tissue Engineering,34.18,28,69.95,0.715,84.54,7.63,108.64,2.68,62.21,17.38,Failure
12-02-2026 11:30,BIO-2551,Drug Discovery,35.87,20.71,62.85,0.275,51.51,7.33,104.86,3.12,75.59,14,Success
12-02-2026 12:00,BIO-2552,Protein Synthesis,36.73,23.96,61.94,0.566,70.95,7.33,112.32,1.19,66.57,19.43,Failure
12-02-2026 12:30,BIO-2553,Drug Discovery,38.61,22.52,85.74,0.861,86.32,6.74,95.33,2.51,76.34,31.97,Failure
12-02-2026 13:00,BIO-2554,Tissue Engineering,39.23,21.89,73.24,3.787,65.66,7.67,94.3,0.35,27.18,28.67,Failure
12-02-2026 13:30,BIO-2555,Protein Synthesis,33.67,14.7,52.94,0.613,82.48,7.49,93.66,2.56,72.99,16.94,Success
12-02-2026 14:00,BIO-2556,Radiation Biology,34.14,18.2,43.98,0.628,94.85,7.26,98.04,4.85,78.15,17.5,Success
12-02-2026 14:30,BIO-2557,Drug Discovery,39.62,18.75,45.75,0.622,72.01,6.9,98.79,1.77,70.1,3.54,Success
12-02-2026 15:00,BIO-2558,Protein Synthesis,38.39,29.71,74.84,2.122,68.98,7.26,98.09,1.84,37.99,39.1,Failure
12-02-2026 15:30,BIO-2559,Stem Cell Research,38.77,16.53,48.46,0.612,60.78,7.65,94.49,0.89,68.86,20.83,Failure
12-02-2026 16:00,BIO-2560,Protein Synthesis,43.13,21.46,62.08,0.488,71.58,7.14,102.67,2.02,56.35,28,Failure
12-02-2026 16:30,BIO-2561,Tissue Engineering,38.33,23.04,48.37,2.632,76.73,7.01,99.92,2.83,46.2,32.58,Failure
12-02-2026 17:00,BIO-2562,Tissue Engineering,36.93,15.59,49.08,0.54,64.7,7.46,99.52,3.41,78.29,11.46,Success
12-02-2026 17:30,BIO-2563,Tissue Engineering,34.37,11.62,57.27,0.218,99.71,7.14,111.61,2.11,85.37,12.91,Success
12-02-2026 18:00,BIO-2564,Stem Cell Research,37.69,26.29,74.14,1.049,74.12,7.55,99.14,4.27,62.93,17.43,Failure
12-02-2026 18:30,BIO-2565,Drug Discovery,36.79,19.43,45.93,0.78,85.25,7.2,111.31,2.9,75.44,14.68,Success
12-02-2026 19:00,BIO-2566,Tissue Engineering,40.31,18.35,59.08,0.279,64.29,7.41,104.17,2.04,80.94,17.49,Success
12-02-2026 19:30,BIO-2567,Radiation Biology,37.49,24.08,63.9,3.789,75.67,7.51,105.48,2.19,46.52,45.84,Failure
12-02-2026 20:00,BIO-2568,Protein Synthesis,39.06,22.59,59.23,0.436,78.53,7.45,101.63,2.73,73.37,11.78,Success
12-02-2026 20:30,BIO-2569,Drug Discovery,34.47,16.74,71.62,3.008,46.26,6.9,99.66,1.68,26.77,41.97,Failure
12-02-2026 21:00,BIO-2570,Radiation Biology,39.91,21.46,39.27,0.608,84.92,7.24,91.62,2.51,71.36,17.04,Success
12-02-2026 21:30,BIO-2571,Stem Cell Research,33.77,17.32,61.68,0.418,77.53,7.35,96.29,3.3,76.56,18.11,Success
12-02-2026 22:00,BIO-2572,Protein Synthesis,39.55,19.26,63.67,0.4,84.33,7.49,87.69,3.26,70.31,14.95,Success
12-02-2026 22:30,BIO-2573,Drug Discovery,37.51,25.63,55.81,4.082,82.93,7.08,91.17,2.94,24.63,14.65,Failure
12-02-2026 23:00,BIO-2574,Stem Cell Research,38.68,25.72,55.93,0.579,78.06,7.34,97.24,1.55,69.26,15.97,Failure
12-02-2026 23:30,BIO-2575,Tissue Engineering,38.85,23.36,50.83,0.488,87.82,7.07,109.4,4.06,87.66,15.55,Success
13-02-2026 00:00,BIO-2576,Tissue Engineering,39.46,19.08,65.38,0.634,67.84,7.38,97.2,2.78,64.88,22.77,Failure
13-02-2026 00:30,BIO-2577,Protein Synthesis,36.73,20.08,67.37,0.38,68.33,7.47,104.03,2.85,71.7,10.68,Success
13-02-2026 01:00,BIO-2578,Tissue Engineering,37.26,16.02,68.52,0.885,59.43,7.06,107.4,1.27,65.39,14.79,Failure
13-02-2026 01:30,BIO-2579,Protein Synthesis,36.93,23.54,55.39,0.9,81.24,7.19,92.18,2.65,67.21,7.96,Failure
13-02-2026 02:00,BIO-2580,Stem Cell Research,28.07,15.52,42.77,0.993,70.4,7.02,109.52,0.49,57.68,22.42,Failure
13-02-2026 02:30,BIO-2581,Radiation Biology,37.61,20.25,65.77,0.832,61.49,7.41,106.29,2.37,71.63,23.11,Failure
13-02-2026 03:00,BIO-2582,Drug Discovery,34.06,18.85,61.13,0.801,,7.04,107.98,1.33,74.72,15.38,Failure
13-02-2026 03:30,BIO-2583,Tissue Engineering,33.64,21.37,78.66,0.872,90.13,7.5,109.85,3.25,83.89,22.96,Failure
13-02-2026 04:00,BIO-2584,Stem Cell Research,40.63,20.42,76.03,0.422,68.38,7.43,100.01,2.38,68.07,19.53,Failure
13-02-2026 04:30,BIO-2585,Tissue Engineering,39.38,19.35,50.38,0.904,90.74,7.26,96.88,2.99,70.84,19.73,Success
13-02-2026 05:00,BIO-2586,Radiation Biology,43.98,21.59,69.28,0.903,70.04,7.14,94.46,1.71,67.64,31.79,Failure
13-02-2026 05:30,BIO-2587,Drug Discovery,34.9,17.63,40.22,0.149,93.16,7.15,98,2.27,80.1,10.38,Success
13-02-2026 06:00,BIO-2588,Stem Cell Research,39.58,23.08,54.12,0.575,95.44,7.64,99.99,3.06,78.28,12.86,Success
13-02-2026 06:30,BIO-2589,Drug Discovery,35.25,17.17,77.2,1.102,80.61,7.64,88.95,2.37,62.91,20.89,Failure
13-02-2026 07:00,BIO-2590,Stem Cell Research,34.1,27.08,70.57,0.889,73.13,7,105.82,3.12,65.56,31.35,Failure
13-02-2026 07:30,BIO-2591,Tissue Engineering,34.06,29.31,61.54,2.764,73.57,7.42,93.91,3.16,35.43,34.3,Failure
13-02-2026 08:00,BIO-2592,Drug Discovery,36.91,19.77,53.49,0.816,60.35,6.72,99.64,3.14,74.3,15.97,Success
13-02-2026 08:30,BIO-2593,Stem Cell Research,36.45,24.86,64.75,0.223,53.27,7.49,103.17,3.01,77.27,7.05,Success
13-02-2026 09:00,BIO-2594,Radiation Biology,40.18,14.97,53.1,0.428,86.9,6.9,100.43,3.94,81.66,15.44,Success
13-02-2026 09:30,BIO-2595,Protein Synthesis,34.94,19.54,68.92,3.727,66.15,6.8,102.85,2.3,32.11,25.74,Failure
13-02-2026 10:00,BIO-2596,Protein Synthesis,36.86,20.43,66.24,0.552,77.13,7.26,102.18,2.02,68.18,17.61,Failure
13-02-2026 10:30,BIO-2597,Radiation Biology,34.76,21.56,83.91,0.892,90.1,7.62,102.74,1.18,58.33,15.97,Failure
13-02-2026 11:00,BIO-2598,Protein Synthesis,38.04,18.55,40.55,0.624,102.65,6.86,99.98,3.95,83.35,7.09,Success
13-02-2026 11:30,BIO-2599,Protein Synthesis,39.02,25.3,55.94,0.289,79.61,7.33,95.1,3.18,77.85,12.95,Success
13-02-2026 12:00,BIO-2600,Tissue Engineering,35.61,23.42,49.52,1.087,33.88,7.5,105.34,0.75,50.86,16.32,Failure
13-02-2026 12:30,BIO-2601,Drug Discovery,39.29,13.9,62.24,0.768,81.83,7.47,99.63,3.11,83.71,13.54,Success
13-02-2026 13:00,BIO-2602,Drug Discovery,33.92,20.49,44.6,0.424,70.82,7.79,99.41,1.78,62.95,14.73,Failure
13-02-2026 13:30,BIO-2603,Protein Synthesis,38.48,21.6,57.83,3.395,62.87,7.35,105.83,3.45,61.75,31.59,Failure
13-02-2026 14:00,BIO-2604,Stem Cell Research,37.77,19.35,59.61,0.836,81.32,8.25,105.52,1.93,64,18.94,Failure
13-02-2026 14:30,BIO-2605,Radiation Biology,39.2,14.1,66.05,0.624,53.86,7.32,94.83,0.88,59.4,14.97,Failure
13-02-2026 15:00,BIO-2606,Radiation Biology,37.75,17.19,61.15,0.563,,7.53,105.03,3.94,78.43,11.5,Success
13-02-2026 15:30,BIO-2607,Tissue Engineering,34.18,20.58,47.48,0.525,67.73,7.45,95.07,0.2,62.53,18.45,Failure
13-02-2026 16:00,BIO-2608,Radiation Biology,34.36,27.39,59.63,0.726,76.43,7.1,97.22,2.02,81.8,10.82,Success
13-02-2026 16:30,BIO-2609,Drug Discovery,37.12,23.92,65.67,0.44,82.21,7.05,97.45,3.86,72.61,19.08,Success
13-02-2026 17:00,BIO-2610,Radiation Biology,33.33,24.62,45.27,0.488,52.22,7.62,103.8,2.72,65.11,15.36,Failure
13-02-2026 17:30,BIO-2611,Radiation Biology,38.29,12.47,48.7,1.01,99.5,7.07,104.67,4.42,80.06,15.05,Success
13-02-2026 18:00,BIO-2612,Protein Synthesis,42.36,21.56,84.96,0.453,59.14,7.16,94.27,2.25,74.59,22.09,Failure
13-02-2026 18:30,BIO-2613,Protein Synthesis,37.98,26.8,75.29,0.316,90.52,6.78,99.68,2.49,75.44,16.59,Success
13-02-2026 19:00,BIO-2614,Tissue Engineering,37.85,16.95,57.16,0.237,66.14,7.56,94.41,1.52,69.7,16.53,Failure
13-02-2026 19:30,BIO-2615,Tissue Engineering,36.64,22.38,83.55,3.093,84.33,7.15,91.85,3.89,42.48,47.89,Failure
13-02-2026 20:00,BIO-2616,Protein Synthesis,33.89,20.64,52.38,2.726,66.1,7.39,104.7,2.71,55.28,39.68,Failure
13-02-2026 20:30,BIO-2617,Protein Synthesis,40.27,24.64,71.93,0.585,95.72,6.64,90.54,3.72,70.6,22.17,Failure
13-02-2026 21:00,BIO-2618,Protein Synthesis,36.85,21.41,47.21,1.124,100.89,7.46,99.02,4.06,87.02,11.76,Success
13-02-2026 21:30,BIO-2619,Protein Synthesis,38.93,21.36,62.58,4.073,47.12,6.99,101.28,1.72,38.75,32.87,Failure
13-02-2026 22:00,BIO-2620,Protein Synthesis,39.24,18.52,67.39,2.658,110.77,7.37,100.8,5.62,50.24,33.02,Failure
13-02-2026 22:30,BIO-2621,Drug Discovery,42.12,16.79,57.49,-0.167,73.86,7.07,105.37,2.65,85.27,17.84,Success
13-02-2026 23:00,BIO-2622,Tissue Engineering,36.45,21.51,46.28,0.559,65.65,7.54,107.48,2.34,69.43,3.82,Failure
13-02-2026 23:30,BIO-2623,Tissue Engineering,33.37,15.4,61.17,0.588,75.39,7.15,104.21,2.87,82.45,19.1,Success
14-02-2026 00:00,BIO-2624,Tissue Engineering,39.32,18.36,59.05,0.716,83.9,7.4,101.62,2.38,83.76,7.97,Success
14-02-2026 00:30,BIO-2625,Stem Cell Research,34.45,20.36,50.2,0.565,59.15,7.08,97.24,1.88,76.42,10.22,Success
14-02-2026 01:00,BIO-2626,Stem Cell Research,35.68,15.03,53.27,0.83,72.71,6.98,101.05,3.42,70.2,12.77,Success
14-02-2026 01:30,BIO-2627,Protein Synthesis,37.49,26.24,62.37,3.902,78.85,7.07,107.75,2.25,40.24,43.88,Failure
14-02-2026 02:00,BIO-2628,Protein Synthesis,35.4,22.57,66.2,0.414,83.64,7.23,100.39,2.69,72.22,11.29,Success
14-02-2026 02:30,BIO-2629,Tissue Engineering,39.1,16.97,58.92,0.812,66.74,7.64,102.83,1.55,65.28,16.89,Failure
14-02-2026 03:00,BIO-2630,Stem Cell Research,37.5,27.56,69.23,0.457,89.65,7.5,93.04,4.6,87.26,11.46,Success
14-02-2026 03:30,BIO-2631,Radiation Biology,36.1,18.67,62.92,0.911,64.96,7.37,106.42,1.92,62.42,16.94,Failure
14-02-2026 04:00,BIO-2632,Protein Synthesis,38.85,24.07,67,0.795,75.04,7.43,93.24,3.22,77.89,22.29,Failure
14-02-2026 04:30,BIO-2633,Drug Discovery,40.4,20.98,60.13,1.019,63.98,7.3,100.22,2.39,76.25,22.31,Failure
14-02-2026 05:00,BIO-2634,Drug Discovery,32.52,26.67,55.71,0.356,73.79,7.89,91.22,1.39,65.53,15.08,Failure
14-02-2026 05:30,BIO-2635,Tissue Engineering,40.94,13.72,57.04,3.552,73.7,7.59,104.19,1.79,27.96,32.38,Failure
14-02-2026 06:00,BIO-2636,Drug Discovery,37.12,24.11,74.48,0.837,60.5,7.34,100.26,2.12,80.76,16.78,Success
14-02-2026 06:30,BIO-2637,Stem Cell Research,37.72,16.92,53.19,0.548,66.49,7.42,107.45,3.44,84.23,13.96,Success
14-02-2026 07:00,BIO-2638,Radiation Biology,31.12,26.01,73.31,0.57,78.12,7.23,99.07,3.78,76.83,28.05,Failure
14-02-2026 07:30,BIO-2639,Drug Discovery,38.99,21.21,63.6,4.678,81.04,7.16,86.36,2.92,40.02,42.98,Failure
14-02-2026 08:00,BIO-2640,Tissue Engineering,37.2,21.26,32.61,0.55,82.97,6.61,107.54,3.75,85.89,4.81,Success
14-02-2026 08:30,BIO-2641,Radiation Biology,35.03,21.86,61.74,0.672,79.11,7.28,108.52,3.29,70.67,16.91,Success
14-02-2026 09:00,BIO-2642,Stem Cell Research,38.67,27.12,83.08,0.967,112.42,7.25,109.21,5.09,76.61,18.46,Success
14-02-2026 09:30,BIO-2643,Tissue Engineering,37.97,18.3,59.65,1.242,114.1,7.53,105.49,4.7,79.92,14.45,Success
14-02-2026 10:00,BIO-2644,Drug Discovery,36.78,18.77,49.13,0.215,88.41,7.54,100.2,3.08,81.47,0,Success
14-02-2026 10:30,BIO-2645,Protein Synthesis,35.98,18.28,66.53,0.691,83.88,7.16,102.42,3.56,90.19,20.66,Success
14-02-2026 11:00,BIO-2646,Protein Synthesis,37.67,14.93,71.88,0.086,75.99,7.4,101.47,3.41,75.83,15.49,Success
14-02-2026 11:30,BIO-2647,Protein Synthesis,36.12,28.48,63.66,4.149,57.7,6.93,107.4,1.63,26.47,44.09,Failure
14-02-2026 12:00,BIO-2648,Stem Cell Research,37.55,21.95,65.82,0.385,77.4,7.26,98.88,3.76,75.51,16.83,Success
14-02-2026 12:30,BIO-2649,Protein Synthesis,35.91,18.9,61.46,0.456,78.09,7.28,96.41,2.84,80.63,14.37,Success
14-02-2026 13:00,BIO-2650,Protein Synthesis,37.47,21.28,59.76,0.163,100.41,7.03,102.13,2.89,72.52,9.8,Success
14-02-2026 13:30,BIO-2651,Protein Synthesis,38.51,27.99,63.22,0.24,72.69,7.24,98.88,3.82,87.82,12.71,Success
14-02-2026 14:00,BIO-2652,Protein Synthesis,33.83,18.35,41.7,0.748,62.92,6.96,99.52,1.83,70.61,17.5,Success
14-02-2026 14:30,BIO-2653,Radiation Biology,36.09,21.83,52.49,0.602,82.29,7.51,108.24,4.08,74.11,9.23,Success
14-02-2026 15:00,BIO-2654,Tissue Engineering,40.65,23.78,68.23,0.737,97.04,6.7,97.45,2.37,57.34,21.63,Failure
14-02-2026 15:30,BIO-2655,Radiation Biology,40.28,21.38,55.5,0.71,84.44,7.43,97.35,3.04,74.69,19.92,Success
14-02-2026 16:00,BIO-2656,Stem Cell Research,36.13,21.94,47.9,3.472,103.79,7.45,96.1,4.06,49.66,35.69,Failure
14-02-2026 16:30,BIO-2657,Stem Cell Research,35.7,26.66,47.23,0.734,90.82,7.32,102.44,2.66,68.35,11.91,Failure
14-02-2026 17:00,BIO-2658,Stem Cell Research,37.18,22.27,57.21,0.807,63.32,7.28,99.96,2.88,71.82,9.34,Success
14-02-2026 17:30,BIO-2659,Stem Cell Research,32.84,23.7,43.48,0.777,66.86,7.4,103.45,1.91,69.62,18.59,Failure
14-02-2026 18:00,BIO-2660,Stem Cell Research,40.25,19.82,58.23,0.871,67.05,7.22,105.5,2.38,84.15,19.69,Success
14-02-2026 18:30,BIO-2661,Stem Cell Research,38.45,17.36,61.31,0.754,47.85,6.91,100.26,1.27,61.16,25.66,Failure
14-02-2026 19:00,BIO-2662,Radiation Biology,34.93,18.54,58.36,0.19,59.04,7.69,108.43,2.48,76.24,11.87,Success
14-02-2026 19:30,BIO-2663,Protein Synthesis,36.83,14.87,,0.438,66.68,7.09,102.2,2.47,70.92,17.7,Success
14-02-2026 20:00,BIO-2664,Radiation Biology,39.83,16.7,61.1,0.689,101.36,6.96,102.09,4.29,69.55,14.63,Failure
14-02-2026 20:30,BIO-2665,Stem Cell Research,35.72,19.73,46.66,0.513,87.09,7.55,96.52,2.87,64.72,11.09,Failure
14-02-2026 21:00,BIO-2666,Drug Discovery,37.24,20.08,,0.468,66.4,7.08,98.84,2.32,77.75,12.92,Success
14-02-2026 21:30,BIO-2667,Tissue Engineering,33.77,15.31,58.09,1.371,60.16,7.28,98.82,1.13,69.64,23.04,Failure
14-02-2026 22:00,BIO-2668,Radiation Biology,37.99,20.23,59.98,0.804,50.53,7.22,98,2.22,68.78,16.18,Failure
14-02-2026 22:30,BIO-2669,Radiation Biology,38.37,18.99,45.84,0.914,78.81,7.51,96.4,3.1,59.46,11.19,Failure
14-02-2026 23:00,BIO-2670,Stem Cell Research,37.22,16.69,54.28,0.583,85.22,7.85,95.55,3.96,83.12,12.62,Success
14-02-2026 23:30,BIO-2671,Radiation Biology,37.11,23.81,58.29,1.026,93.93,7.03,100.57,4.34,77.48,19.46,Success
15-02-2026 00:00,BIO-2672,Drug Discovery,36.8,21.01,62.3,0.558,105.05,7.26,99.88,2.6,61.84,11.55,Failure
15-02-2026 00:30,BIO-2673,Radiation Biology,37.19,23.44,60.6,0.729,84.03,7.58,103.02,4.72,79.93,20.23,Success
15-02-2026 01:00,BIO-2674,Stem Cell Research,39.24,19.85,56.62,4.416,96.37,6.75,97.47,4.97,61.07,44.31,Failure
15-02-2026 01:30,BIO-2675,Radiation Biology,40.44,20.53,56.72,0.598,78.14,7.18,99.29,3,66.98,17.08,Failure
15-02-2026 02:00,BIO-2676,Protein Synthesis,34.14,24.7,72.12,0.676,88.56,7.23,105.28,3.36,66.84,12.1,Failure
15-02-2026 02:30,BIO-2677,Tissue Engineering,33.26,30.21,57.39,3.44,74.54,7.5,105.74,2.03,63.92,31.52,Failure
15-02-2026 03:00,BIO-2678,Radiation Biology,36.66,18.13,62.97,0.799,60.83,7.23,101.79,3.28,81.45,10.79,Success
15-02-2026 03:30,BIO-2679,Protein Synthesis,37.57,21.94,64.16,0.618,79.27,7.41,107.1,3.79,85.01,9.43,Success
15-02-2026 04:00,BIO-2680,Stem Cell Research,38.46,21.23,38.68,0.586,61.48,7.56,99.89,0.82,59.59,12.04,Failure
15-02-2026 04:30,BIO-2681,Radiation Biology,36.27,23.45,62.66,0.339,67.88,7.44,103.35,3.22,78.61,16.5,Success
15-02-2026 05:00,BIO-2682,Radiation Biology,36.23,20.8,74.77,0.733,70.91,7.23,108.59,2.14,67.85,16.88,Failure
15-02-2026 05:30,BIO-2683,Tissue Engineering,37.24,18.87,51.15,0.642,54.23,7.37,107.38,3.88,73.36,8.35,Success
15-02-2026 06:00,BIO-2684,Drug Discovery,41.51,27.67,53.57,1.033,71.34,6.86,92.03,2.54,56.22,24.43,Failure
15-02-2026 06:30,BIO-2685,Drug Discovery,35.98,22.46,69.46,0.776,78.52,7.62,102.94,1.33,55.66,15.01,Failure
15-02-2026 07:00,BIO-2686,Stem Cell Research,40.27,18.21,51.47,3.508,106.81,7.29,94.79,4.25,51.9,56.77,Failure
15-02-2026 07:30,BIO-2687,Radiation Biology,32.44,23.56,75.06,0.411,88.05,7.16,97.63,2.62,78.4,20.94,Success
15-02-2026 08:00,BIO-2688,Radiation Biology,35.98,22.47,69.69,4.381,86.43,7.39,108.39,4.13,49.41,42.95,Failure
15-02-2026 08:30,BIO-2689,Tissue Engineering,39.2,17.14,62.44,0.488,88.58,7.47,102.44,3.16,69.64,19.54,Failure
15-02-2026 09:00,BIO-2690,Stem Cell Research,35.34,23.16,59.39,0.082,92.24,7.29,103.22,3.31,79.29,10.76,Success
15-02-2026 09:30,BIO-2691,Drug Discovery,38.25,26.81,49.25,1.049,87.87,7.81,99.57,4.24,66.8,14.99,Failure
15-02-2026 10:00,BIO-2692,Drug Discovery,38.92,17.22,43.78,4.165,103.84,7.33,105.73,3.92,43.81,30.1,Failure
15-02-2026 10:30,BIO-2693,Protein Synthesis,34.81,24.72,62.8,4.165,92.79,6.96,100.65,2.55,38.03,36.69,Failure
15-02-2026 11:00,BIO-2694,Tissue Engineering,34.41,23.02,53.76,0.361,76.43,8,98.48,2.66,66.11,14.24,Failure
15-02-2026 11:30,BIO-2695,Stem Cell Research,39.58,15.72,74.94,1.952,88.46,7.54,106.44,3.29,57.59,44.37,Failure
15-02-2026 12:00,BIO-2696,Radiation Biology,33.35,23.71,39.97,0.46,107.22,6.74,103.1,4.58,71.6,13.02,Success
15-02-2026 12:30,BIO-2697,Stem Cell Research,35.78,18.22,58.69,0.596,61.16,6.81,106.8,2.93,70.67,10.97,Success
15-02-2026 13:00,BIO-2698,Stem Cell Research,35.04,24.16,70.45,0.999,94.74,7.19,103.15,4.41,84.61,20.68,Success
15-02-2026 13:30,BIO-2699,Stem Cell Research,32.24,15.29,59.64,0.265,89.69,6.86,82.74,4.28,76.17,10.67,Success
15-02-2026 14:00,BIO-2700,Protein Synthesis,33.37,21,53.99,0.738,105.81,7.27,97.44,4.79,83.23,26.21,Failure
15-02-2026 14:30,BIO-2701,Tissue Engineering,33.35,18.5,48.03,0.599,85.58,6.79,99.43,3.74,70.42,16.63,Success
15-02-2026 15:00,BIO-2702,Tissue Engineering,38.52,24.36,53.39,0.35,76.09,7.45,113.84,3.1,87.16,18.07,Success
15-02-2026 15:30,BIO-2703,Radiation Biology,38.84,26.39,59.67,0.892,72.18,7.18,107.12,2.67,83,21.49,Success
15-02-2026 16:00,BIO-2704,Tissue Engineering,38.31,15.98,57.61,0.825,80.85,7.57,101.9,2.13,56.53,18.28,Failure
15-02-2026 16:30,BIO-2705,Protein Synthesis,37.86,23.59,48.45,0.677,62.19,7.5,105.07,3.01,72.83,14.17,Success
15-02-2026 17:00,BIO-2706,Drug Discovery,37.9,23.79,66.46,4.718,71.34,7.02,104.92,2.74,36.42,52.02,Failure
15-02-2026 17:30,BIO-2707,Tissue Engineering,37.11,25.24,52.39,3.851,61.45,7.02,109.03,3.54,57.36,29.27,Failure
15-02-2026 18:00,BIO-2708,Protein Synthesis,38.07,18.05,59.3,0.775,82.14,6.97,99.88,2.54,63.94,11.93,Failure
15-02-2026 18:30,BIO-2709,Radiation Biology,36.74,26.19,53.73,3.406,104.74,6.76,102.23,3.67,49.31,17.33,Failure
15-02-2026 19:00,BIO-2710,Tissue Engineering,35.82,15.97,56.85,1.153,89.9,7.84,104.3,4.17,69.09,20.86,Failure
15-02-2026 19:30,BIO-2711,Stem Cell Research,35.72,27.97,62.72,3.065,79.8,7.14,103.59,2.73,42.51,32.59,Failure
15-02-2026 20:00,BIO-2712,Radiation Biology,37.68,,57.72,0.636,79.9,7.42,96.7,3.56,80.32,3.2,Success
15-02-2026 20:30,BIO-2713,Tissue Engineering,32.81,17.46,62.61,0.639,68.11,7.42,99.16,2.2,56.87,20.85,Failure
15-02-2026 21:00,BIO-2714,Radiation Biology,32.27,18.7,48.57,3.076,97.22,7.08,95.61,2.6,64.67,42.44,Failure
15-02-2026 21:30,BIO-2715,Drug Discovery,36.89,14.52,53.95,0.245,76.36,7.29,107.42,4.53,92.44,6.9,Success
15-02-2026 22:00,BIO-2716,Tissue Engineering,37.14,30.49,71.64,0.528,56.47,7.51,102.05,2.51,73.97,12.68,Success
15-02-2026 22:30,BIO-2717,Drug Discovery,37.57,18.63,63.2,0.053,115.09,7.3,101.8,4.12,94.98,13.48,Success
15-02-2026 23:00,BIO-2718,Drug Discovery,35.31,24.03,55.62,0.773,97.5,7.33,100.43,3.46,72.97,13.83,Success
15-02-2026 23:30,BIO-2719,Radiation Biology,38.52,19.92,45.56,0.456,68.24,7.04,90.19,2.28,75.57,5.51,Success
16-02-2026 00:00,BIO-2720,Drug Discovery,41.42,17.33,62,0.067,71.14,7.12,97.48,3.95,93.43,19.26,Success
16-02-2026 00:30,BIO-2721,Stem Cell Research,40.87,22.51,59.97,1.013,57.19,7.38,98.38,1.69,64.84,18.5,Failure
16-02-2026 01:00,BIO-2722,Stem Cell Research,37.07,18.34,63.27,0.556,75.46,7.4,92.61,2.76,75.43,13.66,Success
16-02-2026 01:30,BIO-2723,Stem Cell Research,36.56,24.64,53.23,1.126,37.63,6.88,101.34,1.21,61.59,15.14,Failure
16-02-2026 02:00,BIO-2724,Stem Cell Research,38.27,21.01,72.26,0.377,64.49,7.08,90.98,2.93,65.2,14.9,Failure
16-02-2026 02:30,BIO-2725,Tissue Engineering,42.2,14.43,65.38,1.007,85.69,7.46,97.36,1.69,69.86,24.07,Failure
16-02-2026 03:00,BIO-2726,Tissue Engineering,36.57,13.49,55.11,0.709,66.04,7.85,97.14,2.76,66.4,4.2,Failure
16-02-2026 03:30,BIO-2727,Protein Synthesis,38.33,21.13,56,0.803,90.18,6.75,101.15,2.43,55.17,14.29,Failure
16-02-2026 04:00,BIO-2728,Tissue Engineering,34.89,21.96,70.49,4.188,66.86,7.27,106.32,1.09,20.27,33.27,Failure
16-02-2026 04:30,BIO-2729,Tissue Engineering,37.11,18.75,46.25,0.77,80.26,7.39,90.39,1.91,67.84,9.61,Failure
16-02-2026 05:00,BIO-2730,Protein Synthesis,38.43,13.62,32.89,3.698,78.14,7.02,104.3,2.72,41.03,17.32,Failure
16-02-2026 05:30,BIO-2731,Tissue Engineering,37.91,28.74,69.67,3.501,89.74,7.52,101.85,2.8,52.01,40.97,Failure
16-02-2026 06:00,BIO-2732,Protein Synthesis,38.07,17.5,64.51,0.949,80.87,7.21,99.74,4.33,74.83,16.58,Success
16-02-2026 06:30,BIO-2733,Radiation Biology,40.32,20.46,47.75,0.578,64.99,7.68,99.29,2.34,60.29,9.11,Failure
16-02-2026 07:00,BIO-2734,Radiation Biology,32.32,20.45,49.2,4.964,66.96,7.41,98.65,2.29,47.9,37.16,Failure
16-02-2026 07:30,BIO-2735,Drug Discovery,39.48,18.79,55.81,0.558,74.59,7.24,92.17,0.89,55.92,15.77,Failure
16-02-2026 08:00,BIO-2736,Stem Cell Research,33.91,24.51,60.74,4.356,105.47,6.78,98.67,3.96,35.99,38.91,Failure
16-02-2026 08:30,BIO-2737,Radiation Biology,35.2,30.31,83.9,0.743,63.87,7.26,108.98,1.68,80.57,21.63,Success
16-02-2026 09:00,BIO-2738,Radiation Biology,39.24,19.76,72.16,0.656,77.19,7.2,105.63,1.18,67.75,21.05,Failure
16-02-2026 09:30,BIO-2739,Drug Discovery,38.51,17.75,69.59,0.61,61.17,7.27,100.65,2.78,66.41,13.71,Failure
16-02-2026 10:00,BIO-2740,Stem Cell Research,36.18,29.74,74.17,0.512,61.75,7.36,105,2.52,82.14,14.04,Success
16-02-2026 10:30,BIO-2741,Radiation Biology,37.76,22.6,79.44,0.897,74.33,7.36,102.03,2.77,71.94,16.47,Success
16-02-2026 11:00,BIO-2742,Tissue Engineering,34.68,26.33,71.91,0.104,103.4,7.07,94.13,2.85,80.3,1.63,Success
16-02-2026 11:30,BIO-2743,Tissue Engineering,35.86,16.62,41.8,0.479,83.37,7.94,97.06,3.18,63.07,12.7,Failure
16-02-2026 12:00,BIO-2744,Stem Cell Research,38.4,26.01,71.63,0.551,76.12,7.73,105.58,3.05,68.43,14.1,Failure
16-02-2026 12:30,BIO-2745,Drug Discovery,38.65,24.91,64.67,1.121,63.56,7.3,108.41,2.7,69.06,22.86,Failure
16-02-2026 13:00,BIO-2746,Drug Discovery,33.08,20.8,60.02,0.496,91.55,7.4,101.93,3.47,70.23,16.68,Success
16-02-2026 13:30,BIO-2747,Radiation Biology,35.41,15.75,62.95,0.912,55.02,7.57,100.12,1.31,70.36,22.12,Failure
16-02-2026 14:00,BIO-2748,Drug Discovery,39.57,23.26,74.54,0.771,62.69,7.52,112.41,1.52,69.1,17.96,Failure
16-02-2026 14:30,BIO-2749,Tissue Engineering,37.27,20.24,80.97,0.845,80.31,7.59,104.89,3.44,59.27,26.23,Failure
16-02-2026 15:00,BIO-2750,Drug Discovery,36.66,18.2,49.53,0.67,77.4,7.34,100.27,4.3,85.1,10.65,Success
16-02-2026 15:30,BIO-2751,Radiation Biology,36.82,19.47,60.6,0.49,73.83,7.26,102.67,4.13,84.96,13.12,Success
16-02-2026 16:00,BIO-2752,Stem Cell Research,41.4,21.96,74.73,0.89,72.14,7.33,105.28,2.61,67.06,24.77,Failure
16-02-2026 16:30,BIO-2753,Drug Discovery,38.07,24.62,55.81,0.992,64.96,7.23,99.06,1.6,62.89,17.78,Failure
16-02-2026 17:00,BIO-2754,Stem Cell Research,39.2,25.23,44.62,0.957,69.55,7.15,99.11,3.07,66.12,20.09,Failure
16-02-2026 17:30,BIO-2755,Stem Cell Research,42.04,22.02,50.11,0.792,85.09,7,94.2,2.18,69.77,22.9,Failure
16-02-2026 18:00,BIO-2756,Stem Cell Research,33.54,26.96,63.21,0.816,79.46,7.68,113.08,2.74,70.7,24.18,Failure
16-02-2026 18:30,BIO-2757,Tissue Engineering,39.25,23.14,75.32,2.285,66.78,7.36,96.37,3.37,65.31,47.66,Failure
16-02-2026 19:00,BIO-2758,Protein Synthesis,44.04,21.1,74.85,0.648,83.42,7.2,105.32,3.86,82.68,24.08,Failure
16-02-2026 19:30,BIO-2759,Stem Cell Research,38.78,14.87,51.92,0.921,67.78,7.1,98.82,2.1,63.91,16.84,Failure
16-02-2026 20:00,BIO-2760,Tissue Engineering,38.37,27.1,57.9,0.677,70.75,7.95,118.27,1.99,61.76,20.38,Failure
16-02-2026 20:30,BIO-2761,Protein Synthesis,35.06,18.56,55.72,2.657,81.13,7.26,98.43,1.64,19.3,33.8,Failure
16-02-2026 21:00,BIO-2762,Protein Synthesis,38.45,17.87,34.82,0.972,92.21,7.39,104.46,4.13,81.97,12.04,Success
16-02-2026 21:30,BIO-2763,Protein Synthesis,36.72,21.43,62.82,0.991,82.33,6.95,98.08,2.86,59.02,15.14,Failure
16-02-2026 22:00,BIO-2764,Protein Synthesis,36.67,16.15,45.19,0.866,57.86,7.38,94.01,3.09,80.87,18.77,Success
16-02-2026 22:30,BIO-2765,Radiation Biology,38.21,20.98,58.59,0.328,62.13,6.95,102.93,2.53,66.85,10.14,Failure
16-02-2026 23:00,BIO-2766,Protein Synthesis,36.6,25.26,68.24,0.589,79.02,7.38,114.51,4.23,81.5,10.96,Success
16-02-2026 23:30,BIO-2767,Drug Discovery,36.5,27.19,66.36,1.111,84.73,7.2,103.41,2.47,70.35,17.38,Success
17-02-2026 00:00,BIO-2768,Protein Synthesis,38.99,18.22,55.48,3.167,74.38,7.27,96.04,2.47,32.66,34.29,Failure
17-02-2026 00:30,BIO-2769,Protein Synthesis,38.08,23.88,72.67,0.735,66.67,7.54,96.64,1.18,70.51,18.09,Failure
17-02-2026 01:00,BIO-2770,Protein Synthesis,34.49,21.82,61.99,2.332,66.86,7.66,106.23,1.93,58.06,32.07,Failure
17-02-2026 01:30,BIO-2771,Protein Synthesis,39.08,20.16,54.71,0.791,103.9,6.72,94.35,5.44,83.81,13.85,Success
17-02-2026 02:00,BIO-2772,Protein Synthesis,37.53,14.84,63.78,0.552,67.32,7.81,110.09,2.9,71.47,21.86,Success
17-02-2026 02:30,BIO-2773,Stem Cell Research,38.26,23.06,54.2,2.4,69.09,7.01,106.65,3.77,31.36,41.09,Failure
17-02-2026 03:00,BIO-2774,Stem Cell Research,36.93,19.57,51.01,0.531,71.18,7.24,101.23,3.12,80.71,17.93,Success
17-02-2026 03:30,BIO-2775,Tissue Engineering,30.26,20.31,65.69,0.047,65.02,7.42,104.82,1.91,67.89,21.41,Failure
17-02-2026 04:00,BIO-2776,Radiation Biology,36.78,18.74,67.71,1.237,39.65,7.44,96.47,2.5,54.8,11.99,Failure
17-02-2026 04:30,BIO-2777,Drug Discovery,38,19.99,42.94,0.454,73,7.1,103.63,1.92,67.77,8.89,Failure
17-02-2026 05:00,BIO-2778,Stem Cell Research,38.9,24.47,65.53,3.255,64.84,7.35,94.51,2.38,41.23,41.89,Failure
17-02-2026 05:30,BIO-2779,Radiation Biology,40.49,21.52,54.21,0.738,63.59,7.22,112.53,1.27,66.97,16.5,Failure
17-02-2026 06:00,BIO-2780,Stem Cell Research,36.36,15.4,60.62,0.564,78.42,6.77,107.16,4.38,80.65,19.36,Success
17-02-2026 06:30,BIO-2781,Tissue Engineering,30.48,15.58,58.6,0.525,,7.33,99.9,1.24,67.9,27.03,Failure
17-02-2026 07:00,BIO-2782,Radiation Biology,32.42,25.56,64.72,0.529,78.98,7.75,95.22,1.73,72.23,16.63,Success
17-02-2026 07:30,BIO-2783,Stem Cell Research,36.77,22.29,47.7,0.415,90.21,7.06,96,4.59,84.08,5.59,Success
17-02-2026 08:00,BIO-2784,Radiation Biology,36.95,16.2,42.6,0.657,73.48,7.4,90.14,1.94,73.08,0,Success
17-02-2026 08:30,BIO-2785,Protein Synthesis,39.17,17.33,55.31,0.562,68.62,7.58,99.22,2.11,79.29,14.31,Success
17-02-2026 09:00,BIO-2786,Tissue Engineering,37.62,23.48,64.21,0.335,101.13,7.06,98.08,4.04,78.32,6.11,Success
17-02-2026 09:30,BIO-2787,Tissue Engineering,37.47,18.42,43.18,2.287,74.14,7.32,100.17,2.22,54.45,33.89,Failure
17-02-2026 10:00,BIO-2788,Tissue Engineering,35.98,27.38,64.95,0.631,68.58,7.52,108.18,2.43,63.75,17.86,Failure
17-02-2026 10:30,BIO-2789,Protein Synthesis,40.4,23.25,63.2,0.612,85.34,7.31,103.15,3.42,72.84,26.03,Failure
17-02-2026 11:00,BIO-2790,Drug Discovery,39.57,17.43,57.23,0.739,92.18,7.13,103.08,2.4,60.98,17.45,Failure
17-02-2026 11:30,BIO-2791,Drug Discovery,38.33,20.73,53.85,0.439,100.13,7.34,102.61,5.16,75.02,20.41,Success
17-02-2026 12:00,BIO-2792,Tissue Engineering,33.85,25.26,39.9,0.159,54.34,7.29,104,2.14,79.54,16.85,Success
17-02-2026 12:30,BIO-2793,Protein Synthesis,34.76,20.39,56.67,3.63,89.76,7.28,101.62,3.4,54.77,30.55,Failure
17-02-2026 13:00,BIO-2794,Protein Synthesis,37.89,21.4,57.09,3.018,53.43,7.13,97.71,1.84,29.62,44.04,Failure
17-02-2026 13:30,BIO-2795,Tissue Engineering,37.6,23.74,57.08,0.629,80.13,7.77,98.33,2.45,60.05,12.49,Failure
17-02-2026 14:00,BIO-2796,Protein Synthesis,38.49,19.45,76.88,4.443,77.96,7.45,109.12,2.66,40.58,37.13,Failure
17-02-2026 14:30,BIO-2797,Radiation Biology,39.71,20.45,63.13,0.707,73.85,6.66,108.56,3.03,68.49,15.38,Failure
17-02-2026 15:00,BIO-2798,Stem Cell Research,34.79,27.85,44.01,0.549,73.25,7.17,105.05,3.07,81.04,19.95,Success
17-02-2026 15:30,BIO-2799,Stem Cell Research,35.49,18.41,60.21,0.132,78.56,7.26,99.67,3.34,73.75,13.79,Success
17-02-2026 16:00,BIO-2800,Stem Cell Research,36.65,23.93,55.13,0.581,73.11,6.98,91.94,2.38,56.8,18.39,Failure
17-02-2026 16:30,BIO-2801,Protein Synthesis,32.64,15.31,40.38,0.671,54.18,7.61,95.89,0.48,71.4,18.63,Failure
17-02-2026 17:00,BIO-2802,Stem Cell Research,39.01,18.45,72.32,4.036,71.01,7.6,103.17,1.2,47.43,36.1,Failure
17-02-2026 17:30,BIO-2803,Tissue Engineering,35.63,18.14,79.43,3.786,71.16,7.5,100.13,2.36,29.61,42.69,Failure
17-02-2026 18:00,BIO-2804,Tissue Engineering,36.22,23.55,58.46,0.576,99.77,7.75,98.03,3.92,88.73,8.42,Success
17-02-2026 18:30,BIO-2805,Protein Synthesis,35.91,18.8,58.75,0.709,71.31,7.34,91.61,2.6,68.37,9.8,Failure
17-02-2026 19:00,BIO-2806,Protein Synthesis,39.19,21.47,51.15,0.64,82.82,7.28,100.04,3.85,72.59,17.85,Success
17-02-2026 19:30,BIO-2807,Protein Synthesis,39.84,19.4,80.32,0.445,46.08,6.95,101.59,0.36,46.6,16.82,Failure
17-02-2026 20:00,BIO-2808,Tissue Engineering,36.38,19.19,53.52,0.709,64.47,7.36,101.2,1.41,76.1,10.69,Failure
17-02-2026 20:30,BIO-2809,Stem Cell Research,34.64,13.02,46.85,0.537,47.45,7.31,108.03,0.41,62.18,20.35,Failure
17-02-2026 21:00,BIO-2810,Drug Discovery,37.46,17.57,72.82,0.477,85.65,7.45,94.32,2.41,71.75,19.11,Success
17-02-2026 21:30,BIO-2811,Protein Synthesis,36.33,19.45,69.11,0.784,60.21,7.52,105.46,1.1,65.9,15.75,Failure
17-02-2026 22:00,BIO-2812,Stem Cell Research,36.57,27.77,49.95,0.346,85.29,7.09,104.11,3.75,78.97,6.29,Success
17-02-2026 22:30,BIO-2813,Protein Synthesis,36.21,19.08,44.72,1.292,60.7,7.18,106.11,2.6,73.55,11.83,Success
17-02-2026 23:00,BIO-2814,Drug Discovery,36.07,22.78,45.98,4.349,64.46,7.51,109.36,1.3,28.99,33.61,Failure
17-02-2026 23:30,BIO-2815,Protein Synthesis,37.9,26.02,51.32,0.533,69.71,7.51,105.88,3.09,75.42,15.05,Success
18-02-2026 00:00,BIO-2816,Protein Synthesis,34.55,17.64,61.56,1.027,76.77,7.45,96.21,2.43,63.62,26.07,Failure
18-02-2026 00:30,BIO-2817,Stem Cell Research,34.44,14.7,59.34,0.758,82.38,7.17,97.79,2.89,64.64,17.6,Failure
18-02-2026 01:00,BIO-2818,Tissue Engineering,36.71,23.9,65.65,0.973,60.72,7.13,97.22,2.09,71.1,16.13,Success
18-02-2026 01:30,BIO-2819,Drug Discovery,37.73,18.25,68.97,0.775,84.97,7.53,95.64,3,70.16,17.53,Success
18-02-2026 02:00,BIO-2820,Tissue Engineering,36.53,24,48.49,1.057,62.63,7.06,105.24,2.37,58.3,10.07,Failure
18-02-2026 02:30,BIO-2821,Tissue Engineering,35.91,25.34,62.65,0.149,85.36,7.18,97.21,2.74,75.49,13.36,Success
18-02-2026 03:00,BIO-2822,Tissue Engineering,35.57,19.99,58.53,0.717,78.05,6.91,94.15,1.6,66.47,10.59,Failure
18-02-2026 03:30,BIO-2823,Stem Cell Research,36.22,27.5,68.36,0.193,85.81,6.99,104.06,3.76,76.99,12.83,Success
18-02-2026 04:00,BIO-2824,Radiation Biology,37.26,22.53,41.62,0.679,90.21,7.18,94.2,4.53,80.99,18.93,Success
18-02-2026 04:30,BIO-2825,Radiation Biology,33.53,23.52,62.59,0.782,,7.11,100.35,2.14,64.91,15.44,Failure
18-02-2026 05:00,BIO-2826,Stem Cell Research,36.85,22.99,76.45,0.525,57.86,6.94,100.24,2.02,64.51,10.18,Failure
18-02-2026 05:30,BIO-2827,Stem Cell Research,33.53,24.21,52.96,0.683,73.98,7.38,102.55,2.9,74.36,14.24,Success
18-02-2026 06:00,BIO-2828,Protein Synthesis,32.13,23.62,61.42,0.655,98.07,7.57,102.09,3,84.77,22.4,Failure
18-02-2026 06:30,BIO-2829,Stem Cell Research,35.91,19.52,73.34,0.915,64.76,7.38,103.22,2.4,65.64,24.01,Failure
18-02-2026 07:00,BIO-2830,Protein Synthesis,33.82,21.48,57.65,0.687,71.16,6.92,100.16,1.17,62.42,18.34,Failure
18-02-2026 07:30,BIO-2831,Tissue Engineering,38.17,23.82,76.68,4.354,79.81,7.53,94.49,2.06,29.86,40.22,Failure
18-02-2026 08:00,BIO-2832,Tissue Engineering,36.39,17.13,51.77,0.604,58.74,7.33,95.78,3.09,87.89,4.58,Success
18-02-2026 08:30,BIO-2833,Protein Synthesis,39.98,24.59,61.6,-0.035,97.76,7.31,93.16,4.04,80.95,5.86,Success
18-02-2026 09:00,BIO-2834,Radiation Biology,34.39,22.26,47.43,3.258,51.78,7.51,94.72,2.39,23.09,52.29,Failure
18-02-2026 09:30,BIO-2835,Tissue Engineering,38.33,18.03,61.57,2.351,83.09,7.26,104.99,2.98,50.24,30.21,Failure
18-02-2026 10:00,BIO-2836,Protein Synthesis,35.71,26.79,63.18,4.075,57.13,7.33,102.55,-0.3,28.26,41.62,Failure
18-02-2026 10:30,BIO-2837,Tissue Engineering,36.14,17.78,31.27,0.772,76.9,6.96,92.84,4.06,76.22,3.74,Success
18-02-2026 11:00,BIO-2838,Protein Synthesis,34.51,15.27,52.21,0.581,81.78,7.13,107.16,2.11,65.81,14.79,Failure
18-02-2026 11:30,BIO-2839,Stem Cell Research,37.81,28.43,72.04,0.792,103.71,7.27,100.38,4.05,92.11,15.89,Success
18-02-2026 12:00,BIO-2840,Tissue Engineering,35.52,14.75,56.88,0.386,61.42,7.56,100.29,2.06,71.1,16.69,Success
18-02-2026 12:30,BIO-2841,Tissue Engineering,37.25,20.91,59.97,0.753,67.01,7.44,110.31,1.55,70.61,10.55,Success
18-02-2026 13:00,BIO-2842,Radiation Biology,39.65,11.77,58.51,0.496,59.81,7.64,94.56,2.05,64.55,21.99,Failure
18-02-2026 13:30,BIO-2843,Radiation Biology,34.53,19.65,69.13,0.668,48.28,6.95,101.62,1.28,78.7,11.8,Failure
18-02-2026 14:00,BIO-2844,Protein Synthesis,37.81,16.18,73.55,0.526,82.33,6.88,106.46,2.81,66.16,20.86,Failure
18-02-2026 14:30,BIO-2845,Protein Synthesis,39.27,21.51,71.28,2.791,52.03,7.46,94.86,-0.43,27.33,44.99,Failure
18-02-2026 15:00,BIO-2846,Tissue Engineering,34.42,18.14,66.85,0.784,90.84,7.51,104.68,3.75,74.61,21.19,Success
18-02-2026 15:30,BIO-2847,Protein Synthesis,42.46,18.82,69.3,0.604,82.4,7.3,97.77,1.87,74.97,21.99,Success
18-02-2026 16:00,BIO-2848,Radiation Biology,34.64,21.2,52.9,0.91,75.06,7.25,101.12,3.01,82.4,18.41,Success
18-02-2026 16:30,BIO-2849,Stem Cell Research,37.99,29.09,69.95,0.677,70.7,7.42,102.04,2.09,72.72,19.85,Success
18-02-2026 17:00,BIO-2850,Tissue Engineering,35.42,15.99,46.12,0.703,57.37,7.69,94.47,2.61,69.18,17.77,Failure
18-02-2026 17:30,BIO-2851,Radiation Biology,38.23,16.61,57.38,0.188,77.59,7.39,95.39,2.66,81.48,17.64,Success
18-02-2026 18:00,BIO-2852,Radiation Biology,35.46,23.59,48.96,0.596,76.96,7.05,102.14,3.14,74.26,8.58,Success
18-02-2026 18:30,BIO-2853,Drug Discovery,36.2,12.83,56.83,0.921,57.5,7.51,103.07,1.83,72.57,16.7,Success
18-02-2026 19:00,BIO-2854,Radiation Biology,33.81,24.41,55.75,0.125,67.61,7.48,95.98,2.64,73.7,14.12,Success
18-02-2026 19:30,BIO-2855,Radiation Biology,34.36,27.39,63.72,0.572,77.23,7.14,91.58,4.05,85.74,14.55,Success
18-02-2026 20:00,BIO-2856,Tissue Engineering,32.12,22.84,46.21,0.43,94.57,7.57,110.05,2.65,64.01,16.39,Failure
18-02-2026 20:30,BIO-2857,Protein Synthesis,40.12,15.5,46.36,0.437,60.11,7.21,100.97,0.76,62.21,15.06,Failure
18-02-2026 21:00,BIO-2858,Drug Discovery,31.24,18.98,62.07,0.545,108.72,7.7,96.57,3.25,79.21,17.28,Success
18-02-2026 21:30,BIO-2859,Protein Synthesis,41.23,13.04,79.52,1.024,67.24,7.35,108.85,1.7,65.93,20.51,Failure
18-02-2026 22:00,BIO-2860,Tissue Engineering,36.11,21.37,47.47,0.418,96.84,7.6,94.93,5.4,85.15,9.6,Success
18-02-2026 22:30,BIO-2861,Tissue Engineering,35.16,19,58.06,0.297,75.45,7.63,111.64,1.61,64.81,15.88,Failure
18-02-2026 23:00,BIO-2862,Radiation Biology,34.95,20.71,64.32,0.741,73.08,7.57,95.46,1.88,67.57,10.89,Failure
18-02-2026 23:30,BIO-2863,Drug Discovery,37.6,19.31,53.71,0.36,58.58,6.89,97.45,3.21,74.86,7.92,Success
19-02-2026 00:00,BIO-2864,Protein Synthesis,41.56,23.84,57.09,3.437,72.34,7.04,102.2,1.34,14.92,48.29,Failure
19-02-2026 00:30,BIO-2865,Protein Synthesis,40.07,24.87,49.91,3.481,68.62,7.45,104.92,1.88,40.4,50.85,Failure
19-02-2026 01:00,BIO-2866,Tissue Engineering,38.7,20.34,52.96,2.944,60.13,7.1,106.83,2.17,20.15,26.13,Failure
19-02-2026 01:30,BIO-2867,Drug Discovery,37.94,25.93,43.55,0.652,70.25,6.94,104.23,3.8,77.94,13.23,Success
19-02-2026 02:00,BIO-2868,Stem Cell Research,36.64,19.07,57.22,0.555,68.9,7.25,109.22,1.74,67.74,11.31,Failure
19-02-2026 02:30,BIO-2869,Protein Synthesis,34.88,20.92,76.83,0.24,74.87,7.37,91.11,4.01,80.79,23.03,Failure
19-02-2026 03:00,BIO-2870,Radiation Biology,35.17,18.58,51.75,0.518,92.25,7.16,103.66,2.53,70.73,13.42,Success
19-02-2026 03:30,BIO-2871,Radiation Biology,38.54,26.27,50.91,3.184,57.37,7.62,98.2,3.26,41.13,31.31,Failure
19-02-2026 04:00,BIO-2872,Stem Cell Research,34.62,17.37,67.59,0.36,67.62,7.65,97.51,2.61,66.07,12.69,Failure
19-02-2026 04:30,BIO-2873,Drug Discovery,38.35,23.77,59.52,3.159,107.77,7.61,98.09,5.42,72.38,44.39,Failure
19-02-2026 05:00,BIO-2874,Tissue Engineering,34.9,24.73,49.07,1.071,82.34,7.56,95.11,4.17,81.67,21.69,Success
19-02-2026 05:30,BIO-2875,Tissue Engineering,43.42,24.47,75.4,0.511,75.42,7.11,104.1,1.64,75.18,33.96,Failure
19-02-2026 06:00,BIO-2876,Protein Synthesis,35.76,21.45,58.82,0.854,76.72,7.8,101.84,1.71,63.3,13.39,Failure
19-02-2026 06:30,BIO-2877,Drug Discovery,33.36,19.88,62.07,0.411,84.53,7.27,94.23,2.25,71.44,12.51,Success
19-02-2026 07:00,BIO-2878,Protein Synthesis,39.9,21.94,58.01,0.426,82.69,7.14,98.86,2.95,74.1,16.85,Success
19-02-2026 07:30,BIO-2879,Tissue Engineering,40.53,24.41,70.94,3.784,88.67,7.16,99.87,4.22,31.98,37.06,Failure
19-02-2026 08:00,BIO-2880,Tissue Engineering,36.68,23.23,56.23,0.796,82.36,7.59,99.05,3.63,68.44,14.76,Failure
19-02-2026 08:30,BIO-2881,Protein Synthesis,37.05,26.74,52.18,1.058,89.67,7.36,107.69,2.83,69.16,15.18,Failure
19-02-2026 09:00,BIO-2882,Tissue Engineering,34.22,17.8,63.41,4.69,60.95,7.02,110.6,2.1,22.44,52.94,Failure
19-02-2026 09:30,BIO-2883,Tissue Engineering,33.67,18.27,52.18,2.945,74.34,7.01,97.6,1.95,24.16,41.09,Failure
19-02-2026 10:00,BIO-2884,Radiation Biology,36.69,23.2,75.5,0.373,87.62,7.46,96.77,3.72,65.62,17.81,Failure
19-02-2026 10:30,BIO-2885,Tissue Engineering,33.39,26.98,64.1,0.519,53.49,7.67,98.86,1.35,64.18,22.57,Failure
19-02-2026 11:00,BIO-2886,Drug Discovery,37.78,,59.45,2.559,81.82,7.21,104.89,4.2,49.13,27.19,Failure
19-02-2026 11:30,BIO-2887,Tissue Engineering,37.74,16.72,66.8,0.481,67.78,7.26,96.86,4.28,90.71,18.72,Success
19-02-2026 12:00,BIO-2888,Tissue Engineering,40.62,20,47.31,-0.08,,7.21,98.43,3.07,89.06,11.35,Success
19-02-2026 12:30,BIO-2889,Stem Cell Research,40.8,20.73,63.47,1.016,100.31,7.13,104.73,3.2,68.64,19.7,Failure
19-02-2026 13:00,BIO-2890,Tissue Engineering,37.52,18.14,60.45,0.73,67.49,7.1,104.35,3.36,70.27,12.99,Success
19-02-2026 13:30,BIO-2891,Tissue Engineering,36.25,22.51,45.13,0.481,43.5,7.23,102.49,1.93,72.95,6.76,Success
19-02-2026 14:00,BIO-2892,Stem Cell Research,37.92,14.78,69.18,0.584,67.1,7.31,99.95,0.95,63.74,17.17,Failure
19-02-2026 14:30,BIO-2893,Stem Cell Research,43.39,20.34,72.92,0.936,75.47,7.36,93.82,3.88,73.85,31.6,Failure
19-02-2026 15:00,BIO-2894,Tissue Engineering,40.25,26.88,53.07,0.974,83.72,7.19,104.88,2.82,76.34,18.56,Success
19-02-2026 15:30,BIO-2895,Tissue Engineering,36.34,21.22,77.1,0.827,66.29,7.68,103.52,2.22,67.31,22.74,Failure
19-02-2026 16:00,BIO-2896,Stem Cell Research,35.37,18.8,59.93,0.504,71.48,7.3,96.17,2.27,79.04,16.74,Success
19-02-2026 16:30,BIO-2897,Protein Synthesis,39.55,19.01,67.81,0.777,87.98,7.46,99.66,2.93,77.06,26.23,Failure
19-02-2026 17:00,BIO-2898,Radiation Biology,38.24,24.86,54.05,4.229,107.31,7.32,87.25,6.29,74.53,27.17,Failure
19-02-2026 17:30,BIO-2899,Stem Cell Research,42.29,11.57,52.9,0.652,52.57,7.36,105.73,0.91,63.43,19.6,Failure
19-02-2026 18:00,BIO-2900,Tissue Engineering,35.34,18.2,61.87,0.609,81.9,7.43,96.31,2.83,79.51,17.41,Success
19-02-2026 18:30,BIO-2901,Drug Discovery,37.98,19.38,50.44,0.642,99.39,7.5,103.08,4.97,87,13.78,Success
19-02-2026 19:00,BIO-2902,Tissue Engineering,36.15,16.62,69.27,2.866,60.96,7.07,106.47,1.4,45.71,43.95,Failure
19-02-2026 19:30,BIO-2903,Stem Cell Research,38.01,25.65,82.34,0.784,83.3,7.15,105.68,2.99,71.38,14.97,Success
19-02-2026 20:00,BIO-2904,Tissue Engineering,37.3,22.07,61.24,0.153,61.92,7.41,96.62,2.94,64.11,16.72,Failure
19-02-2026 20:30,BIO-2905,Stem Cell Research,35.88,20.39,79.71,0.911,81.32,7.3,97.76,4.28,81.3,18.6,Success
19-02-2026 21:00,BIO-2906,Drug Discovery,40.92,20.92,63.75,0.499,86.58,7.37,104.85,3.1,67.94,18.62,Failure
19-02-2026 21:30,BIO-2907,Radiation Biology,31.92,24.42,36.21,0.754,70.09,7.35,100.35,2.38,73.49,21.49,Success
19-02-2026 22:00,BIO-2908,Tissue Engineering,39.67,16.81,77.06,0.191,51.8,7.68,105.49,3.84,82.09,25.49,Failure
19-02-2026 22:30,BIO-2909,Protein Synthesis,37.62,17.89,,0.494,83.7,7.28,99.14,3.46,72.09,3.21,Success
19-02-2026 23:00,BIO-2910,Radiation Biology,37.07,24.82,72.68,0.847,68.55,7.58,99.53,2.98,72.09,12.19,Success
19-02-2026 23:30,BIO-2911,Stem Cell Research,41.22,22.14,82.89,0.578,71.02,7.2,107.06,2.88,73.69,16.81,Success
20-02-2026 00:00,BIO-2912,Radiation Biology,37.11,21.97,58.84,0.266,86.84,7.61,111.93,3.31,67.1,4.2,Failure
20-02-2026 00:30,BIO-2913,Stem Cell Research,34.34,20.32,59.95,0.365,103.5,7.42,98.29,4.12,84.27,9.55,Success
20-02-2026 01:00,BIO-2914,Stem Cell Research,36.74,,62.15,0.601,56.95,7.01,106.89,2.26,68.43,16.58,Failure
20-02-2026 01:30,BIO-2915,Tissue Engineering,36.5,23.83,44.4,2.971,66.25,7.28,99.73,3.7,55.34,30.99,Failure
20-02-2026 02:00,BIO-2916,Drug Discovery,40.21,19.21,63.96,0.624,73.75,7.27,95.86,3.48,73.32,23.5,Failure
20-02-2026 02:30,BIO-2917,Drug Discovery,36.98,20.81,44.45,0.912,80.64,7.26,100.96,2.81,68.55,10.82,Failure
20-02-2026 03:00,BIO-2918,Protein Synthesis,36.57,19.54,41.99,0.625,60.58,7.15,103.38,2.29,75.22,10.85,Success
20-02-2026 03:30,BIO-2919,Stem Cell Research,35.07,19.08,68.01,4.634,69.24,7.28,109.14,2.17,39.21,43.3,Failure
20-02-2026 04:00,BIO-2920,Drug Discovery,38.4,24.75,74.22,0.506,68.15,7.27,103.74,2.16,68.02,20.8,Failure
20-02-2026 04:30,BIO-2921,Drug Discovery,39.32,25.62,55.89,0.412,83.17,7.13,97.02,2.82,71.88,16.95,Success
20-02-2026 05:00,BIO-2922,Stem Cell Research,35.01,19.79,77.23,0.598,65.65,7.49,96.84,3.79,73.41,18.8,Success
20-02-2026 05:30,BIO-2923,Radiation Biology,35.98,21.08,79.43,3.227,69.86,7.14,96.83,2.66,63.33,30.65,Failure
20-02-2026 06:00,BIO-2924,Stem Cell Research,37.84,20.15,62.21,0.499,96.69,7.35,104.52,2.4,74.07,19.81,Success
20-02-2026 06:30,BIO-2925,Radiation Biology,37.33,21.44,57.48,2.5,47.08,7.32,97.73,2.53,54.66,26.06,Failure
20-02-2026 07:00,BIO-2926,Drug Discovery,36.06,23.94,64.14,0.669,89.4,7.27,108.64,4.05,87.59,18.09,Success
20-02-2026 07:30,BIO-2927,Drug Discovery,39.3,24.68,59.95,0.17,74.3,7.24,89.39,3.32,77.17,17.02,Success
20-02-2026 08:00,BIO-2928,Stem Cell Research,38.24,17.81,47.88,0.787,73.06,7.6,103.51,2.49,58.46,15.25,Failure
20-02-2026 08:30,BIO-2929,Radiation Biology,40.17,22.37,66.42,0.763,58.47,7.18,106.18,1.96,61.75,19.82,Failure
20-02-2026 09:00,BIO-2930,Tissue Engineering,37.5,18.46,66.89,0.027,82.17,7.31,97.47,2.19,80.5,13.72,Success
20-02-2026 09:30,BIO-2931,Tissue Engineering,39.84,22.35,67.02,2.892,105.89,7.05,102.9,4.61,48.3,31.7,Failure
20-02-2026 10:00,BIO-2932,Drug Discovery,42.58,18.27,61.56,3.973,72.28,7.23,114.78,2.8,40.56,34.26,Failure
20-02-2026 10:30,BIO-2933,Stem Cell Research,35.15,21.66,66.63,1.188,64.29,7.9,97.04,1.35,58.14,19.31,Failure
20-02-2026 11:00,BIO-2934,Protein Synthesis,34.46,19.04,69.45,3.719,82.36,7.09,95.04,3.39,38.22,24.39,Failure
20-02-2026 11:30,BIO-2935,Radiation Biology,37.52,23.52,45.82,0.483,46.25,7.66,99.02,1.89,71.74,11.37,Success
20-02-2026 12:00,BIO-2936,Protein Synthesis,36.03,21.35,57.89,0.401,65.67,7.5,100.89,2.49,61.18,9.31,Failure
20-02-2026 12:30,BIO-2937,Stem Cell Research,36.22,19.97,52.03,2.724,79.25,7.35,98.55,3.51,59.9,30.5,Failure
20-02-2026 13:00,BIO-2938,Radiation Biology,37.12,18.05,46.66,0.604,,7.45,98.37,2.17,66.12,13.05,Failure
20-02-2026 13:30,BIO-2939,Radiation Biology,35.92,18.08,59.1,4.374,95.71,7.4,102,2.34,51.92,38.85,Failure
20-02-2026 14:00,BIO-2940,Radiation Biology,39.04,26.12,79.53,3.533,62.55,6.99,100.03,2.5,31.25,37.93,Failure
20-02-2026 14:30,BIO-2941,Stem Cell Research,38.13,23.67,81.92,0.566,94.38,7.33,115.19,5.19,87.57,20.49,Success
20-02-2026 15:00,BIO-2942,Tissue Engineering,34.43,18.55,70.04,0.225,44.56,7.14,97.43,2.31,69.86,17,Failure
20-02-2026 15:30,BIO-2943,Stem Cell Research,38.23,29.72,76.74,0.31,89.57,7.31,94.23,3.78,87.53,13.08,Success
20-02-2026 16:00,BIO-2944,Protein Synthesis,38.74,22.88,82.49,0.722,51.94,7.25,104.65,2,67.89,11.55,Failure
20-02-2026 16:30,BIO-2945,Drug Discovery,38.41,24.98,58.79,0.477,97.38,7.46,104.51,4.22,72.67,16.85,Success
20-02-2026 17:00,BIO-2946,Drug Discovery,35.85,17.23,70.67,1.195,64.38,6.94,99.66,2.71,59.34,15.66,Failure
20-02-2026 17:30,BIO-2947,Radiation Biology,39.03,26.04,41.7,0.948,73.1,7.55,100.89,2.68,67.11,13.06,Failure
20-02-2026 18:00,BIO-2948,Stem Cell Research,35.81,16.47,77.06,0.568,73.14,7.32,109.19,2.23,66.23,24.53,Failure
20-02-2026 18:30,BIO-2949,Stem Cell Research,37.93,20.67,41.39,0.961,82.21,7.4,103.63,2.37,76.22,12.24,Success
20-02-2026 19:00,BIO-2950,Radiation Biology,36.39,21.71,59.87,0.403,70.3,7.21,88.34,2.59,82.14,14.74,Success
20-02-2026 19:30,BIO-2951,Stem Cell Research,34.99,17.11,49.14,0.891,64.75,7.44,97.38,2.04,64.07,12.07,Failure
20-02-2026 20:00,BIO-2952,Stem Cell Research,34.95,27.02,61.92,0.466,43.41,7.39,97.58,2.93,74.45,20.27,Success
20-02-2026 20:30,BIO-2953,Radiation Biology,36.68,26.07,,2.298,67.98,7.24,93.34,3.42,48.1,33.69,Failure
20-02-2026 21:00,BIO-2954,Drug Discovery,35.37,19.34,52.2,0.715,83.76,7.68,102.5,4.65,75.63,8.01,Success
20-02-2026 21:30,BIO-2955,Stem Cell Research,36.93,23.53,45.56,3.877,52.72,7.59,94.13,2.33,40.27,11.67,Failure
20-02-2026 22:00,BIO-2956,Radiation Biology,37.2,19.68,59.67,0.545,63.25,7.59,98.46,2.2,74.45,13.14,Success
20-02-2026 22:30,BIO-2957,Stem Cell Research,37.19,20.58,55.87,0.872,64.21,6.88,96.03,2.03,68.06,12.45,Failure
20-02-2026 23:00,BIO-2958,Tissue Engineering,36.2,21.85,93.86,0.966,88.13,7.24,106.11,4.36,80.95,20.78,Success
20-02-2026 23:30,BIO-2959,Tissue Engineering,40.41,19.98,37.81,2.627,75.98,7.2,93.08,1.93,35.84,45.35,Failure
21-02-2026 00:00,BIO-2960,Radiation Biology,37.53,25.95,65.44,0.619,62.56,7.3,103.76,2.66,75.23,21.81,Success
21-02-2026 00:30,BIO-2961,Radiation Biology,33.64,16.55,64.88,0.967,81.52,7.27,92.58,2.85,80.07,17.89,Success
21-02-2026 01:00,BIO-2962,Stem Cell Research,34.1,19.08,77.34,0.661,83.27,7.95,98.81,3.49,75.42,22.43,Failure
21-02-2026 01:30,BIO-2963,Tissue Engineering,39.87,,51.28,0.564,85.06,7.48,95.34,4.42,85.3,13.27,Success
21-02-2026 02:00,BIO-2964,Protein Synthesis,37.04,18.77,76.7,4.757,74.07,6.98,95.72,2.38,31.69,49.76,Failure
21-02-2026 02:30,BIO-2965,Radiation Biology,35.61,21.91,57.23,0.936,80.86,6.96,98.69,3.05,66.06,20.47,Failure
21-02-2026 03:00,BIO-2966,Tissue Engineering,36.16,23.48,44.54,2.911,51.74,7.78,106.98,2.05,38.89,36.95,Failure
21-02-2026 03:30,BIO-2967,Stem Cell Research,36.58,26.85,45.7,2.915,63.81,7.28,104.84,2.08,20.8,32.15,Failure
21-02-2026 04:00,BIO-2968,Protein Synthesis,37.45,27.42,56.62,0.284,90.8,7.1,99.79,3.47,83.19,13.28,Success
21-02-2026 04:30,BIO-2969,Radiation Biology,35.07,20.82,55.21,0.368,77.89,7.35,99.85,3.3,82.26,13.55,Success
21-02-2026 05:00,BIO-2970,Stem Cell Research,36.23,15.14,66.8,0.318,85.99,7.13,102.43,4.11,81.09,12.47,Success
21-02-2026 05:30,BIO-2971,Radiation Biology,40.6,17.37,86.44,0.428,72.82,7.61,100.94,1.72,74.74,21.32,Success
21-02-2026 06:00,BIO-2972,Protein Synthesis,36.93,20.33,57.32,0.736,70.92,7.29,104.95,2.06,68.45,14.35,Failure
21-02-2026 06:30,BIO-2973,Drug Discovery,38.88,23.55,67.59,0.792,88.52,7.34,102.09,4.22,87.19,22.13,Failure
21-02-2026 07:00,BIO-2974,Stem Cell Research,33.94,23.5,42.84,2.438,55.63,7.19,98.8,2.09,45.73,36.97,Failure
21-02-2026 07:30,BIO-2975,Drug Discovery,35.9,22.74,67.7,0.488,83.13,7.44,100.66,1.72,64.85,9.63,Failure
21-02-2026 08:00,BIO-2976,Radiation Biology,33.76,18.65,58.67,0.715,75.64,7.26,102.62,2.75,72.61,21.21,Success
21-02-2026 08:30,BIO-2977,Tissue Engineering,37.89,15.12,67.49,3.201,97.53,7.21,104.56,3.77,57.97,40.3,Failure
21-02-2026 09:00,BIO-2978,Protein Synthesis,36.38,26.01,65.36,0.811,76.19,7.61,98.55,2.84,75.05,13.51,Success
21-02-2026 09:30,BIO-2979,Protein Synthesis,38.54,25.94,56.39,0.621,108.87,7.57,101.3,3.4,85.23,13.06,Success
21-02-2026 10:00,BIO-2980,Radiation Biology,30.48,15.62,42.69,0.567,,7.1,99.93,3.64,83.8,26.28,Failure
21-02-2026 10:30,BIO-2981,Stem Cell Research,38.54,29.21,,0.866,75.96,7.41,106.55,1.16,67.87,17.75,Failure
21-02-2026 11:00,BIO-2982,Radiation Biology,35.29,17.73,49.19,0.855,73.18,7.38,109.83,3.84,79.11,13.69,Success
21-02-2026 11:30,BIO-2983,Stem Cell Research,33.95,30.13,54.13,0.919,56.71,7.39,103.27,2.73,68.69,18.73,Failure
21-02-2026 12:00,BIO-2984,Stem Cell Research,33.18,20.26,62.37,0.904,51.77,7.06,103.85,1.05,71.54,19.97,Failure
21-02-2026 12:30,BIO-2985,Protein Synthesis,39.83,16.01,53.72,0.403,73.27,7.33,109.12,1.17,67.34,9.95,Failure
21-02-2026 13:00,BIO-2986,Tissue Engineering,36.69,12.46,62.56,4.069,72.79,7.38,93.52,1.88,31.76,39.63,Failure
21-02-2026 13:30,BIO-2987,Protein Synthesis,33.98,18.12,65.01,0.808,80.85,7.54,108.54,1.27,60.84,21.75,Failure
21-02-2026 14:00,BIO-2988,Radiation Biology,38.75,20.64,73.9,0.502,63.73,7.12,96.84,1.65,61.63,19.12,Failure
21-02-2026 14:30,BIO-2989,Protein Synthesis,35.67,22.04,69.39,0.344,66.84,7.73,103.49,2.55,65.27,15.63,Failure
21-02-2026 15:00,BIO-2990,Tissue Engineering,37,13.96,59.71,0.651,77.06,7.49,93.65,1.77,61.01,8.95,Failure
21-02-2026 15:30,BIO-2991,Stem Cell Research,38.01,19.07,66.88,0.869,72.98,7.42,94.9,3.25,80.83,12.52,Success
21-02-2026 16:00,BIO-2992,Tissue Engineering,35.3,,60.87,2.399,57.3,7.41,101.7,0.84,48.14,42.49,Failure
21-02-2026 16:30,BIO-2993,Drug Discovery,33.92,18.08,53.03,3.047,77.3,7.39,108.62,2.69,35.75,49.74,Failure
21-02-2026 17:00,BIO-2994,Drug Discovery,34.9,20.98,50.75,0.86,87.97,7.44,105.25,3.65,77.61,12.64,Success
21-02-2026 17:30,BIO-2995,Stem Cell Research,40.21,18.33,39.49,0.647,79.64,7.56,104.55,2.38,65.09,20.79,Failure
21-02-2026 18:00,BIO-2996,Drug Discovery,40,15.5,61.25,0.48,76.34,6.92,103.39,3.92,76.36,20.85,Success
21-02-2026 18:30,BIO-2997,Protein Synthesis,36.82,22.84,56.78,0.49,72.15,7.61,101.46,2.5,68.6,10.75,Failure
21-02-2026 19:00,BIO-2998,Tissue Engineering,38.22,16.97,54.08,2.122,61.72,7.02,105.61,3.08,45.43,30.81,Failure
21-02-2026 19:30,BIO-2999,Stem Cell Research,32.55,27.3,70.66,0.729,95.15,7.41,103.62,1.81,59.89,18.85,Failure
